Trip_Distance_km,Base_Fare,Per_Km_Rate,Per_Minute_Rate,Trip_Duration_Minutes,Trip_Price,Time_of_Day_Afternoon,Time_of_Day_Evening,Time_of_Day_Morning,Time_of_Day_Night,Day_of_Week_Weekday,Day_of_Week_Weekend,Traffic_Conditions_High,Traffic_Conditions_Low,Traffic_Conditions_Medium,Weather_Clear,Weather_Rain,Weather_Snow
19.35,3.56,0.8,0.32,53.82,36.2624,False,False,True,False,True,False,False,True,False,True,False,False
36.87,2.7,1.21,0.15,37.27,52.9032,False,True,False,False,False,True,True,False,False,True,False,False
30.33,3.48,0.51,0.15,116.81,36.4698,False,True,False,False,True,False,False,True,False,True,False,False
25.83,2.93,0.63,0.32,22.64,15.618000000000002,False,True,False,False,True,False,True,False,False,True,False,False
8.64,2.55,1.71,0.48,89.33,60.2028,True,False,False,False,False,True,False,False,True,True,False,False
3.85,3.51,1.66,0.29,5.05,11.2645,True,False,False,False,True,False,True,False,False,False,True,False
43.44,2.97,1.87,0.23,61.86,101.1216,False,True,False,False,False,True,False,True,False,True,False,False
35.7,3.39,1.52,0.47,61.86,75.5657,True,False,False,False,True,False,False,True,False,False,True,False
25.83,2.4,0.58,0.43,26.34,14.892,False,False,True,False,True,False,False,True,False,True,False,False
41.79,4.6,1.77,0.11,86.95,88.13279999999999,False,False,False,True,False,True,True,False,False,True,False,False
11.4,4.12,1.22,0.15,84.12,36.118,False,False,True,False,True,False,False,True,False,True,False,False
9.91,2.32,1.26,0.34,41.72,28.9914,False,True,False,False,True,False,True,False,False,True,False,False
9.99,4.33,0.85,0.43,34.0,27.4415,False,False,False,True,True,False,True,False,False,True,False,False
15.91,4.42,1.77,0.21,114.93,56.716,False,False,True,False,True,False,False,True,False,True,False,False
26.71,4.3,1.59,0.2,111.18,69.0049,True,False,False,False,False,True,False,True,False,False,True,False
22.17,2.34,1.97,0.41,57.59,69.6268,False,False,False,True,True,False,False,True,False,True,False,False
15.27,3.93,0.73,0.12,61.86,27.3543,False,False,True,False,True,False,False,True,False,True,False,False
30.98,4.5,0.84,0.25,57.02,44.7782,True,False,False,False,False,True,False,True,False,False,True,False
7.84,3.73,0.82,0.3,53.8,26.2988,False,False,True,False,True,False,False,False,True,True,False,False
18.95,3.38,0.78,0.39,54.04,39.2366,False,False,False,True,True,False,False,True,False,True,False,False
23.35,3.59,0.6,0.24,66.8,33.632000000000005,False,False,False,True,True,False,False,True,False,False,True,False
39.47,3.52,1.22,0.35,7.59,83.69649999999999,True,False,False,False,True,False,False,True,False,True,False,False
10.78,3.92,0.54,0.33,56.07,28.2443,False,True,False,False,True,False,True,False,False,False,True,False
30.03,3.31,1.05,0.36,83.21,64.7971,True,False,False,False,True,False,True,False,False,True,False,False
3.28,2.88,1.76,0.2,78.04,24.260800000000003,False,True,False,False,True,False,False,False,True,True,False,False
30.77,3.64,1.33,0.13,109.6,58.8121,False,False,True,False,True,False,False,True,False,True,False,False
9.36,2.4,1.85,0.15,7.07,20.7765,True,False,False,False,True,False,False,False,True,True,False,False
47.5,4.39,0.51,0.3,95.55,57.28,False,False,True,False,False,True,False,True,False,True,False,False
48.32,2.49,0.61,0.44,67.25,61.5552,False,False,True,False,True,False,False,True,False,True,False,False
40.61,2.31,0.88,0.38,42.25,54.1018,True,False,False,False,True,False,False,True,False,True,False,False
15.93,2.44,1.5,0.42,20.67,35.016400000000004,True,False,False,False,True,False,False,True,False,True,False,False
5.79,4.63,1.83,0.24,107.07,40.9225,False,True,False,False,True,False,False,True,False,True,False,False
34.53,3.58,1.22,0.26,59.14,60.0471,False,False,True,False,True,False,False,False,True,True,False,False
22.57,3.4,1.41,0.29,105.98,62.77850000000001,True,False,False,False,True,False,False,True,False,True,False,False
6.98,2.32,0.78,0.18,72.37,20.791,True,False,False,False,False,True,False,True,False,True,False,False
25.26,3.95,1.71,0.12,82.53,57.0482,False,True,False,False,True,False,True,False,False,True,False,False
2.69,4.6,1.95,0.34,97.49,42.9921,True,False,False,False,True,False,False,True,False,True,False,False
45.56,3.52,0.9,0.5,80.8,85.88400000000001,True,False,False,False,True,False,False,True,False,True,False,False
13.68,3.88,1.22,0.17,50.78,29.4758,False,True,False,False,False,True,True,False,False,True,False,False
33.46,2.23,0.63,0.12,64.07,30.9982,True,False,False,False,False,True,False,True,False,False,True,False
16.27,2.34,1.22,0.41,97.35,64.05529999999999,False,False,True,False,True,False,False,True,False,True,False,False
26.48,2.15,1.25,0.2,47.97,44.844,False,False,True,False,False,True,False,False,True,True,False,False
27.79,2.77,0.72,0.43,49.63,44.1197,False,True,False,False,True,False,False,True,False,True,False,False
10.06,2.41,1.16,0.38,16.0,20.1596,False,False,True,False,True,False,False,False,True,False,True,False
48.51,3.52,1.0,0.48,110.18,104.1764,False,True,False,False,True,False,True,False,False,False,True,False
38.98,3.16,1.28,0.26,15.47,57.0766,True,False,False,False,True,False,False,True,False,True,False,False
47.04,4.83,1.38,0.36,79.54,98.3796,False,False,False,True,True,False,False,False,True,True,False,False
44.85,3.83,0.51,0.29,52.52,41.9343,False,True,False,False,False,True,False,False,True,False,True,False
30.3,4.5,1.64,0.35,51.65,72.2695,False,False,False,True,False,True,False,True,False,True,False,False
46.17,4.13,1.57,0.28,83.15,99.8989,True,False,False,False,True,False,False,False,True,True,False,False
5.34,2.34,1.22,0.18,12.72,10.2366,True,False,False,False,True,False,False,True,False,True,False,False
10.6,4.21,1.22,0.3,73.28,32.342,True,False,False,False,True,False,False,False,True,True,False,False
3.22,2.83,1.63,0.31,93.78,37.1504,True,False,False,False,True,False,False,True,False,False,True,False
16.94,3.92,1.93,0.42,100.24,78.715,True,False,False,False,True,False,False,False,True,False,False,True
20.05,3.02,0.86,0.39,24.61,29.8609,False,True,False,False,True,False,False,True,False,True,False,False
14.3,4.99,0.99,0.37,108.2,59.181,False,False,False,True,True,False,True,False,False,True,False,False
41.61,2.79,0.78,0.15,61.86,47.314800000000005,False,True,False,False,False,True,False,True,False,False,True,False
18.48,2.84,1.37,0.39,106.41,69.6575,True,False,False,False,True,False,False,False,True,True,False,False
27.59,2.07,1.03,0.46,67.33,61.459500000000006,False,True,False,False,False,True,False,False,True,False,True,False
7.91,4.09,1.55,0.47,110.69,68.3748,False,False,True,False,True,False,False,False,True,True,False,False
40.31,4.18,1.34,0.12,108.49,71.2142,False,False,True,False,True,False,False,False,True,True,False,False
4.65,4.51,1.08,0.43,56.54,33.8442,True,False,False,False,True,False,False,False,True,True,False,False
49.36,4.92,1.13,0.12,36.56,65.084,False,False,True,False,True,False,True,False,False,False,True,False
38.84,4.93,1.34,0.25,50.21,69.52810000000001,False,False,True,False,False,True,False,True,False,True,False,False
10.74,2.2,0.51,0.32,49.59,23.5462,False,False,True,False,True,False,False,False,True,True,False,False
1.27,4.47,0.62,0.16,37.99,11.3358,False,False,True,False,True,False,True,False,False,True,False,False
40.96,3.94,1.82,0.4,35.89,92.8432,False,False,True,False,False,True,True,False,False,True,False,False
35.64,3.94,0.62,0.1,104.02,36.4388,False,False,False,True,False,True,True,False,False,False,True,False
36.72,2.39,1.56,0.17,13.03,61.8883,True,False,False,False,False,True,False,True,False,True,False,False
38.79,3.95,1.88,0.33,82.93,104.2421,True,False,False,False,True,False,False,True,False,True,False,False
4.63,4.95,0.91,0.39,24.87,18.8626,True,False,False,False,True,False,False,False,True,True,False,False
18.56,4.74,1.22,0.47,44.62,45.385000000000005,False,False,True,False,False,True,False,False,True,False,False,True
6.68,3.32,1.35,0.38,12.08,16.9284,False,False,False,True,False,True,False,False,True,True,False,False
43.29,2.12,1.82,0.37,36.05,94.2463,False,True,False,False,True,False,False,False,True,False,True,False
31.54,3.09,1.91,0.26,93.37,87.6076,False,False,True,False,True,False,True,False,False,True,False,False
17.21,4.48,1.61,0.1,106.78,42.8661,True,False,False,False,True,False,False,True,False,False,True,False
4.11,4.1,0.63,0.15,30.48,11.2613,False,True,False,False,False,True,True,False,False,False,True,False
25.83,3.38,1.5,0.31,58.31,45.8161,False,False,False,True,True,False,False,False,True,True,False,False
16.93,2.17,1.12,0.37,59.09,42.9949,True,False,False,False,True,False,False,True,False,False,False,True
36.75,3.28,1.21,0.27,105.46,76.2217,True,False,False,False,True,False,False,False,True,True,False,False
25.83,3.41,0.57,0.39,92.72,57.9476,True,False,False,False,True,False,False,False,True,True,False,False
44.47,4.79,0.79,0.31,64.0,59.761300000000006,False,False,False,True,False,True,False,True,False,True,False,False
24.14,3.92,1.69,0.29,82.14,55.3948,False,False,True,False,True,False,False,True,False,True,False,False
6.86,2.93,1.18,0.18,102.45,29.4658,False,False,False,True,False,True,True,False,False,True,False,False
35.95,3.58,0.95,0.44,6.1,40.4165,True,False,False,False,False,True,False,True,False,True,False,False
38.28,3.52,1.08,0.39,51.33,63.56110000000001,True,False,False,False,True,False,False,False,True,True,False,False
28.5,4.92,1.78,0.46,109.33,105.9418,True,False,False,False,True,False,False,False,True,True,False,False
25.83,3.43,0.91,0.5,67.43,60.077,False,False,True,False,False,True,False,False,True,True,False,False
26.61,3.07,0.68,0.18,65.91,33.0286,False,False,True,False,True,False,False,True,False,False,True,False
21.95,4.05,0.88,0.1,44.99,27.865,False,False,True,False,True,False,False,False,True,True,False,False
2.25,3.99,1.88,0.5,61.86,40.65,False,True,False,False,False,True,False,True,False,True,False,False
6.29,4.15,1.37,0.21,80.37,29.645000000000003,True,False,False,False,True,False,False,True,False,True,False,False
2.54,2.8,1.3,0.37,53.11,25.7527,False,False,True,False,False,True,False,True,False,True,False,False
32.18,2.95,1.39,0.17,87.13,62.4923,False,False,False,True,True,False,False,False,True,False,True,False
16.4,2.38,1.05,0.33,104.04,53.9332,False,True,False,False,True,False,False,True,False,False,True,False
25.92,3.97,1.71,0.46,22.79,58.7766,False,False,False,True,True,False,False,True,False,True,False,False
45.47,2.12,1.28,0.23,56.93,73.4155,False,False,False,True,False,True,False,True,False,False,True,False
13.22,3.79,0.68,0.37,51.92,31.99,False,False,True,False,True,False,False,True,False,False,True,False
21.11,4.61,0.69,0.18,84.06,34.3067,True,False,False,False,False,True,True,False,False,False,True,False
38.02,3.52,1.31,0.35,33.73,66.2817,False,True,False,False,True,False,False,True,False,True,False,False
25.83,4.01,1.65,0.17,109.77,37.355900000000005,False,False,True,False,True,False,False,True,False,True,False,False
46.56,4.46,0.87,0.46,119.21,99.8038,False,False,True,False,True,False,False,True,False,True,False,False
40.6,2.73,0.55,0.26,17.2,29.532000000000004,True,False,False,False,False,True,False,False,True,True,False,False
32.04,3.26,0.65,0.2,31.8,30.446,True,False,False,False,True,False,False,True,False,True,False,False
43.7,4.52,1.59,0.28,114.29,106.0042,True,False,False,False,True,False,False,True,False,True,False,False
40.38,3.52,0.8,0.23,115.21,63.432300000000005,False,False,True,False,True,False,False,False,True,False,True,False
10.14,2.73,1.06,0.4,16.24,19.974400000000003,False,True,False,False,True,False,True,False,False,False,True,False
44.74,3.65,1.25,0.49,6.72,62.8678,True,False,False,False,True,False,False,False,True,True,False,False
27.43,2.58,1.59,0.28,23.53,52.7821,False,False,True,False,False,True,False,True,False,False,True,False
40.56,2.31,0.67,0.44,119.54,82.0828,False,True,False,False,False,True,False,False,True,False,True,False
44.91,4.73,1.11,0.33,25.7,63.0611,False,False,False,True,True,False,False,True,False,False,True,False
6.39,4.28,1.31,0.38,102.57,51.6275,False,True,False,False,True,False,True,False,False,True,False,False
12.17,2.15,1.73,0.31,7.35,25.4826,True,False,False,False,False,True,False,True,False,False,True,False
21.93,4.53,0.76,0.29,74.52,48.024,True,False,False,False,True,False,False,True,False,True,False,False
41.08,3.31,1.71,0.46,36.86,90.5124,False,False,True,False,True,False,False,True,False,True,False,False
43.18,3.03,1.54,0.29,104.17,98.6948,True,False,False,False,True,False,True,False,False,True,False,False
1.34,3.64,1.33,0.46,37.6,22.718200000000003,True,False,False,False,False,True,False,False,True,True,False,False
26.03,2.27,1.55,0.4,83.98,76.20850000000002,False,False,True,False,True,False,False,False,True,True,False,False
21.45,4.27,1.12,0.3,82.54,53.056,False,True,False,False,True,False,False,False,True,True,False,False
11.88,3.75,0.71,0.34,30.47,22.544600000000003,True,False,False,False,True,False,False,True,False,True,False,False
6.87,2.56,1.5,0.23,9.0,14.935,False,False,True,False,True,False,False,False,True,False,True,False
17.54,2.56,1.29,0.49,52.06,50.696,False,False,True,False,True,False,False,True,False,False,True,False
25.83,2.55,1.46,0.37,38.26,85.6182,True,False,False,False,False,True,False,True,False,True,False,False
16.84,2.17,1.01,0.12,98.03,30.942000000000004,False,False,True,False,False,True,False,False,True,False,False,True
26.42,3.76,1.86,0.23,97.04,75.22040000000001,False,True,False,False,True,False,True,False,False,True,False,False
25.83,4.52,1.38,0.35,57.56,73.587,True,False,False,False,True,False,False,True,False,True,False,False
18.82,2.05,0.63,0.12,74.75,22.8766,True,False,False,False,True,False,False,True,False,False,True,False
48.62,2.15,1.17,0.11,74.49,67.2293,True,False,False,False,False,True,False,True,False,False,True,False
48.16,3.72,1.63,0.28,100.12,110.2544,True,False,False,False,False,True,False,True,False,False,True,False
25.83,2.98,1.24,0.28,36.68,44.7092,True,False,False,False,False,True,False,False,True,False,True,False
15.74,3.05,1.84,0.21,35.48,39.4624,True,False,False,False,True,False,False,True,False,True,False,False
14.96,3.79,0.9,0.17,66.66,28.5862,False,False,True,False,True,False,False,False,True,False,True,False
2.81,2.82,1.12,0.38,56.65,27.4942,False,True,False,False,False,True,False,True,False,False,True,False
30.87,2.08,1.85,0.31,55.61,76.4286,False,True,False,False,True,False,False,False,True,True,False,False
25.63,4.21,1.22,0.18,15.48,54.1556,True,False,False,False,True,False,False,False,True,True,False,False
3.52,3.88,1.53,0.23,87.64,29.4228,False,True,False,False,True,False,False,False,True,False,True,False
14.65,3.74,1.79,0.29,29.58,40.020700000000005,False,True,False,False,False,True,True,False,False,True,False,False
45.51,4.23,0.63,0.13,27.65,36.4958,False,True,False,False,True,False,False,False,True,True,False,False
12.74,4.03,1.8,0.16,52.47,35.357200000000006,False,True,False,False,True,False,False,True,False,False,True,False
8.1,2.62,0.98,0.13,31.19,14.6127,True,False,False,False,False,True,True,False,False,True,False,False
24.98,3.06,0.77,0.42,72.14,52.5934,True,False,False,False,False,True,False,True,False,False,True,False
49.3,2.38,0.86,0.4,47.72,63.866,True,False,False,False,True,False,False,True,False,True,False,False
12.86,2.39,1.13,0.4,56.62,39.5698,False,True,False,False,True,False,False,True,False,True,False,False
33.93,3.52,0.88,0.39,66.77,59.92869999999999,False,False,True,False,True,False,False,True,False,False,True,False
38.32,4.58,0.98,0.37,28.41,52.6453,False,True,False,False,True,False,False,False,True,True,False,False
12.64,3.52,0.7,0.29,22.91,20.3819,False,True,False,False,True,False,False,False,True,True,False,False
36.68,3.89,0.94,0.36,106.25,76.6192,True,False,False,False,False,True,True,False,False,False,True,False
19.02,2.55,1.36,0.12,54.88,35.0028,False,True,False,False,True,False,False,False,True,True,False,False
31.98,2.32,1.16,0.35,52.39,57.7533,False,False,True,False,True,False,False,False,True,True,False,False
32.04,4.44,1.02,0.41,9.1,40.8518,True,False,False,False,True,False,False,True,False,True,False,False
27.25,3.74,1.62,0.3,61.86,66.566,False,True,False,False,False,True,False,True,False,False,True,False
5.42,3.85,1.84,0.24,68.73,30.318,False,False,True,False,True,False,False,False,True,False,True,False
41.93,4.34,1.64,0.21,69.27,87.6519,False,True,False,False,False,True,False,False,True,False,True,False
25.83,4.11,1.0,0.36,86.31,51.9016,False,True,False,False,True,False,True,False,False,True,False,False
3.0,2.17,0.73,0.45,34.01,19.6645,False,False,True,False,True,False,False,True,False,True,False,False
29.95,4.24,0.7,0.24,98.23,48.7802,False,False,True,False,True,False,False,False,True,True,False,False
34.2,4.55,1.02,0.41,113.92,86.1412,True,False,False,False,True,False,False,True,False,True,False,False
1.81,2.86,1.71,0.32,20.63,12.5567,False,False,False,True,True,False,False,True,False,False,True,False
26.09,3.92,0.87,0.45,62.23,54.62179999999999,True,False,False,False,True,False,False,False,True,False,True,False
12.1,3.52,0.59,0.31,61.86,19.2643,False,False,True,False,False,True,False,True,False,True,False,False
32.61,3.52,0.7,0.31,11.91,31.3891,True,False,False,False,True,False,False,False,True,True,False,False
9.54,2.1,1.79,0.33,42.43,33.1785,True,False,False,False,False,True,False,True,False,False,True,False
34.86,3.74,1.45,0.4,21.52,62.895,False,True,False,False,True,False,False,True,False,True,False,False
7.74,3.52,1.29,0.12,21.54,15.0994,True,False,False,False,True,False,False,True,False,True,False,False
17.71,2.71,1.48,0.48,6.06,31.829600000000003,False,False,False,True,True,False,False,False,True,True,False,False
6.56,3.48,0.85,0.31,97.94,39.4174,True,False,False,False,True,False,False,True,False,True,False,False
46.31,4.74,1.8,0.35,61.86,96.939,True,False,False,False,True,False,False,False,True,False,True,False
43.99,2.64,0.96,0.29,74.71,66.5363,False,False,False,True,True,False,False,True,False,True,False,False
13.64,2.43,1.54,0.14,43.75,29.5606,False,False,True,False,True,False,False,False,True,False,True,False
33.34,4.28,0.52,0.41,72.33,51.2721,False,False,False,True,False,True,False,False,True,True,False,False
41.04,3.5,1.06,0.4,41.3,63.522400000000005,True,False,False,False,False,True,True,False,False,True,False,False
28.2,4.74,1.03,0.22,15.0,37.086,False,False,True,False,False,True,False,True,False,True,False,False
26.95,2.44,1.32,0.22,61.86,44.7548,True,False,False,False,False,True,False,True,False,True,False,False
12.85,3.94,0.61,0.29,26.63,23.4957,False,True,False,False,True,False,False,True,False,False,False,True
5.56,3.52,1.69,0.13,54.22,19.145,False,False,True,False,True,False,True,False,False,True,False,False
25.83,2.47,0.83,0.45,80.7,76.1018,True,False,False,False,False,True,False,False,True,True,False,False
45.12,3.52,1.52,0.2,35.34,79.70039999999999,True,False,False,False,True,False,False,False,True,True,False,False
32.02,3.78,1.7,0.34,6.39,60.38660000000001,True,False,False,False,True,False,False,True,False,True,False,False
17.61,4.26,1.34,0.47,64.68,58.257000000000005,False,False,True,False,True,False,False,True,False,True,False,False
18.11,2.93,1.61,0.37,74.66,59.7113,False,True,False,False,True,False,False,True,False,False,True,False
25.83,3.34,1.49,0.27,115.73,89.0764,False,False,False,True,True,False,True,False,False,True,False,False
25.83,3.22,1.03,0.38,72.79,77.18900000000001,False,False,False,True,False,True,False,False,True,True,False,False
44.47,4.95,1.71,0.24,59.18,95.1969,False,True,False,False,True,False,True,False,False,True,False,False
39.21,2.88,0.94,0.21,70.94,54.6348,False,False,True,False,True,False,False,True,False,False,False,True
32.46,2.88,1.36,0.5,111.71,102.8806,False,True,False,False,False,True,False,True,False,True,False,False
5.12,3.52,1.62,0.4,61.86,51.45840000000001,False,False,True,False,True,False,False,False,True,True,False,False
8.92,3.69,1.07,0.36,42.14,28.4048,False,False,True,False,True,False,False,True,False,True,False,False
45.03,2.76,0.95,0.24,32.28,53.2857,True,False,False,False,True,False,True,False,False,True,False,False
30.72,4.75,1.19,0.12,35.2,45.5308,True,False,False,False,False,True,False,True,False,True,False,False
1.45,2.8,1.73,0.29,63.01,12.2396,False,True,False,False,False,True,True,False,False,True,False,False
5.97,4.69,1.89,0.32,90.57,44.95569999999999,True,False,False,False,True,False,False,False,True,False,True,False
1.25,3.97,1.49,0.31,12.8,9.8005,True,False,False,False,True,False,False,True,False,False,True,False
8.88,4.72,1.85,0.44,88.21,59.96039999999999,False,False,False,True,False,True,True,False,False,True,False,False
27.89,2.51,0.65,0.11,97.69,31.3844,True,False,False,False,False,True,False,True,False,True,False,False
34.9,4.9,0.85,0.25,38.29,44.1375,True,False,False,False,False,True,False,False,True,True,False,False
11.99,4.84,1.74,0.28,54.06,40.839400000000005,False,True,False,False,False,True,False,False,True,False,True,False
12.63,2.9,1.12,0.48,102.2,66.10159999999999,False,False,True,False,True,False,False,True,False,True,False,False
16.94,2.56,0.63,0.19,65.42,25.662,False,False,True,False,False,True,False,True,False,True,False,False
37.58,2.91,1.16,0.47,84.52,86.22719999999998,True,False,False,False,True,False,False,True,False,False,False,True
32.83,3.52,0.85,0.27,106.59,58.9648,True,False,False,False,False,True,False,False,True,True,False,False
42.61,2.43,0.94,0.49,62.01,72.86829999999999,False,False,True,False,True,False,False,True,False,False,True,False
33.22,2.31,1.66,0.32,41.02,70.5816,False,False,False,True,False,True,False,True,False,True,False,False
28.85,3.27,0.61,0.47,91.67,63.9534,False,False,True,False,True,False,True,False,False,True,False,False
5.59,4.39,1.22,0.1,30.31,17.147599999999997,True,False,False,False,True,False,True,False,False,True,False,False
19.02,2.42,1.14,0.4,49.68,43.9748,False,False,False,True,True,False,False,True,False,True,False,False
13.99,2.39,1.39,0.46,104.56,69.9337,True,False,False,False,True,False,False,True,False,True,False,False
48.68,2.59,1.01,0.14,51.44,58.9584,True,False,False,False,True,False,False,True,False,False,True,False
20.26,2.29,0.63,0.27,29.7,23.0728,False,False,True,False,True,False,False,True,False,False,True,False
31.93,4.77,1.71,0.32,37.67,71.4247,True,False,False,False,True,False,False,False,True,True,False,False
39.95,4.46,1.19,0.31,25.25,59.828,False,True,False,False,False,True,False,True,False,True,False,False
25.63,3.06,0.84,0.16,61.86,39.066,False,False,True,False,True,False,True,False,False,True,False,False
29.27,3.97,1.9,0.1,33.99,62.982,False,False,True,False,False,True,False,False,True,False,True,False
25.13,3.61,1.02,0.42,57.23,53.2792,False,False,True,False,False,True,False,False,True,False,True,False
25.83,4.03,0.74,0.14,49.37,18.7636,True,False,False,False,True,False,False,True,False,True,False,False
36.4,4.05,1.34,0.29,117.94,94.105,True,False,False,False,True,False,False,False,True,True,False,False
14.76,3.89,1.92,0.47,49.98,55.71979999999999,False,True,False,False,False,True,False,False,True,True,False,False
2.19,2.8,0.51,0.18,14.2,6.472899999999999,True,False,False,False,True,False,False,False,True,True,False,False
32.63,2.12,0.86,0.37,15.33,35.8539,False,False,False,True,True,False,False,False,True,True,False,False
9.68,3.37,1.91,0.13,72.94,31.341,False,False,True,False,True,False,False,False,True,True,False,False
47.08,4.67,0.76,0.34,73.93,65.587,False,True,False,False,False,True,True,False,False,False,True,False
47.74,3.71,0.67,0.17,53.16,44.733,False,True,False,False,True,False,True,False,False,True,False,False
45.83,4.5,1.36,0.39,54.66,88.1462,False,True,False,False,True,False,False,False,True,True,False,False
19.14,4.97,1.79,0.22,11.2,41.6946,False,True,False,False,False,True,False,True,False,False,False,True
1.76,2.49,1.22,0.29,64.4,23.3132,False,True,False,False,False,True,False,True,False,True,False,False
46.49,4.08,1.99,0.34,63.05,118.0321,True,False,False,False,True,False,False,True,False,True,False,False
21.98,4.02,1.52,0.17,22.2,41.2036,False,False,True,False,True,False,False,False,True,True,False,False
48.37,4.94,0.61,0.4,61.86,41.2217,False,False,True,False,False,True,False,False,True,True,False,False
48.22,4.96,1.99,0.22,19.21,105.144,False,False,False,True,True,False,False,False,True,True,False,False
42.8,4.06,1.11,0.36,16.62,57.55120000000001,True,False,False,False,True,False,True,False,False,False,True,False
15.43,2.73,0.93,0.16,75.12,29.0991,False,True,False,False,True,False,True,False,False,True,False,False
19.87,4.4,1.34,0.38,27.6,41.5138,True,False,False,False,False,True,True,False,False,True,False,False
42.71,2.32,1.22,0.15,33.91,48.4081,False,False,True,False,True,False,False,True,False,True,False,False
16.53,4.34,0.63,0.27,24.96,21.4931,False,False,True,False,False,True,False,False,True,True,False,False
9.31,4.73,0.5,0.2,115.15,32.415000000000006,True,False,False,False,False,True,False,True,False,False,True,False
28.28,3.15,1.17,0.4,103.28,77.5496,True,False,False,False,True,False,False,True,False,False,True,False
46.87,3.89,1.76,0.2,31.51,92.6832,False,False,True,False,True,False,False,True,False,True,False,False
35.11,3.29,1.36,0.45,42.67,70.2411,True,False,False,False,True,False,False,True,False,False,True,False
28.93,3.31,2.0,0.46,29.14,74.5744,False,False,True,False,True,False,False,False,True,True,False,False
5.76,2.93,0.93,0.18,61.57,19.3694,True,False,False,False,True,False,True,False,False,False,False,True
31.14,4.29,0.92,0.35,7.26,35.4798,True,False,False,False,False,True,False,True,False,True,False,False
37.3,4.21,1.86,0.35,97.47,107.7025,False,False,True,False,True,False,False,True,False,False,False,True
35.15,2.76,1.22,0.21,96.08,91.8308,True,False,False,False,True,False,False,False,True,False,True,False
25.83,4.74,0.99,0.39,24.57,29.5584,False,False,True,False,True,False,False,True,False,True,False,False
40.66,3.9,0.67,0.3,34.29,41.4292,True,False,False,False,True,False,False,False,True,True,False,False
40.7,4.16,1.81,0.38,35.27,91.2296,False,True,False,False,True,False,False,True,False,True,False,False
43.49,2.77,1.45,0.2,68.97,79.6245,False,True,False,False,True,False,False,True,False,True,False,False
45.75,4.16,0.75,0.23,52.31,50.5038,False,False,True,False,True,False,False,False,True,False,True,False
40.12,3.88,1.61,0.24,116.97,96.546,False,False,True,False,False,True,True,False,False,True,False,False
32.85,2.44,1.18,0.42,31.52,54.4414,False,False,False,True,True,False,False,False,True,True,False,False
35.4,4.47,1.98,0.46,93.88,117.7468,False,False,True,False,True,False,False,True,False,True,False,False
39.99,2.71,0.58,0.31,43.98,39.538,True,False,False,False,True,False,True,False,False,True,False,False
44.61,3.96,1.03,0.28,21.45,55.9143,True,False,False,False,True,False,False,True,False,True,False,False
17.56,3.22,1.22,0.11,103.66,36.0458,False,True,False,False,True,False,False,True,False,True,False,False
25.83,3.79,1.25,0.45,40.52,46.274,True,False,False,False,True,False,False,True,False,True,False,False
5.61,2.32,0.97,0.11,61.86,16.6464,True,False,False,False,True,False,True,False,False,True,False,False
29.34,2.05,1.59,0.48,70.14,82.3678,True,False,False,False,True,False,True,False,False,True,False,False
23.81,2.81,1.91,0.24,62.02,63.1719,False,False,True,False,False,True,False,False,True,False,True,False
15.04,5.0,1.78,0.11,15.09,33.4311,False,False,True,False,True,False,False,True,False,True,False,False
29.95,2.63,1.33,0.33,81.84,69.47070000000001,False,False,True,False,True,False,True,False,False,True,False,False
2.49,2.8,1.74,0.32,108.02,41.699,True,False,False,False,True,False,False,True,False,True,False,False
2.83,3.99,0.96,0.19,11.65,8.920300000000001,False,False,True,False,True,False,False,True,False,False,False,True
41.31,4.9,1.1,0.29,21.18,56.05960000000001,True,False,False,False,True,False,False,False,True,True,False,False
18.65,4.75,0.98,0.36,87.41,54.49459999999999,True,False,False,False,True,False,False,False,True,True,False,False
7.23,3.51,1.2,0.39,55.29,33.7491,False,True,False,False,True,False,False,True,False,True,False,False
26.59,4.39,0.93,0.1,51.41,34.2597,False,False,True,False,True,False,False,False,True,True,False,False
38.73,2.41,1.94,0.47,20.75,87.29869999999998,False,False,True,False,True,False,False,False,True,True,False,False
11.58,4.93,0.97,0.17,63.28,26.9202,False,False,True,False,True,False,False,True,False,False,True,False
31.52,4.89,0.65,0.19,19.55,29.0925,True,False,False,False,True,False,False,True,False,True,False,False
5.18,2.49,1.29,0.21,59.81,21.7323,False,True,False,False,True,False,False,False,True,True,False,False
3.53,2.9,0.59,0.12,92.82,16.1211,False,False,True,False,False,True,False,True,False,True,False,False
27.04,2.3,0.67,0.15,61.86,25.6218,False,False,False,True,True,False,True,False,False,True,False,False
32.23,4.45,1.2,0.23,119.08,70.5144,True,False,False,False,True,False,True,False,False,True,False,False
36.58,3.13,1.15,0.15,83.96,57.791,False,True,False,False,False,True,False,True,False,False,True,False
48.82,2.27,1.7,0.14,101.76,99.5104,False,True,False,False,True,False,True,False,False,True,False,False
26.3,3.03,1.61,0.39,52.71,65.9299,False,True,False,False,True,False,False,False,True,True,False,False
16.82,4.94,1.14,0.44,93.3,65.1668,False,True,False,False,True,False,False,True,False,False,False,True
39.96,3.89,1.0,0.2,9.66,45.782,True,False,False,False,True,False,False,True,False,True,False,False
14.27,3.25,0.97,0.11,19.13,19.1962,False,True,False,False,True,False,False,True,False,False,True,False
22.51,2.5,1.66,0.19,28.35,45.2531,False,False,True,False,True,False,False,True,False,True,False,False
4.84,4.96,0.58,0.12,51.22,13.9136,False,True,False,False,True,False,False,False,True,False,True,False
2.24,4.46,0.52,0.14,102.26,19.9412,True,False,False,False,True,False,False,True,False,True,False,False
48.17,3.52,1.69,0.27,44.82,96.3487,False,True,False,False,False,True,False,False,True,True,False,False
41.96,2.21,1.22,0.19,80.28,68.65440000000001,True,False,False,False,False,True,False,True,False,False,True,False
35.1,2.17,0.7,0.31,86.57,53.5767,True,False,False,False,True,False,False,True,False,False,True,False
21.04,2.36,0.85,0.2,72.41,34.726,True,False,False,False,True,False,False,True,False,False,True,False
9.49,3.74,1.9,0.48,46.08,43.8894,False,True,False,False,True,False,True,False,False,False,True,False
8.67,4.79,1.79,0.46,71.36,53.1349,False,False,True,False,True,False,True,False,False,False,True,False
13.26,3.49,1.56,0.33,44.36,38.814400000000006,False,False,True,False,True,False,False,False,True,True,False,False
27.91,4.53,1.22,0.24,61.86,42.0962,False,False,True,False,False,True,False,True,False,True,False,False
36.02,3.34,1.28,0.29,119.17,79.2381,False,False,True,False,False,True,False,True,False,True,False,False
33.35,4.13,1.96,0.26,19.63,74.59979999999999,False,True,False,False,True,False,True,False,False,True,False,False
14.72,4.2,1.95,0.39,13.32,38.0988,False,False,True,False,True,False,False,True,False,True,False,False
47.79,2.52,0.82,0.28,106.03,71.3962,True,False,False,False,False,True,False,True,False,True,False,False
37.16,3.08,1.72,0.44,39.71,84.4676,True,False,False,False,False,True,False,True,False,True,False,False
28.16,3.91,0.8,0.48,79.78,64.7324,False,False,True,False,False,True,False,True,False,True,False,False
25.83,2.21,0.82,0.23,42.84,37.4586,False,True,False,False,True,False,False,False,True,True,False,False
13.14,3.6,1.11,0.14,35.14,23.105000000000004,True,False,False,False,True,False,False,True,False,True,False,False
18.44,4.99,1.9,0.18,44.45,48.027,True,False,False,False,True,False,False,True,False,False,True,False
38.13,3.42,0.63,0.27,52.23,41.544,True,False,False,False,True,False,True,False,False,False,True,False
1.71,4.45,1.27,0.18,87.85,22.4347,False,False,True,False,True,False,True,False,False,True,False,False
6.69,3.3,1.88,0.45,61.86,44.6007,False,False,False,True,True,False,False,True,False,True,False,False
3.25,4.39,1.86,0.16,61.86,28.5966,False,False,False,True,True,False,False,False,True,True,False,False
3.0,3.79,0.73,0.28,9.82,8.729600000000001,True,False,False,False,True,False,False,True,False,True,False,False
42.92,4.66,1.05,0.34,62.85,71.095,False,False,True,False,True,False,True,False,False,True,False,False
35.48,3.23,1.43,0.38,72.19,81.39859999999999,True,False,False,False,True,False,False,True,False,True,False,False
5.79,3.89,1.95,0.45,10.65,19.973,False,False,True,False,True,False,False,False,True,True,False,False
25.09,3.25,1.87,0.33,70.95,73.5818,False,False,True,False,False,True,False,False,True,False,False,True
24.2,2.43,0.75,0.28,103.17,49.4676,True,False,False,False,True,False,False,True,False,False,False,True
9.49,2.28,0.68,0.13,32.82,12.9998,False,True,False,False,True,False,False,False,True,True,False,False
22.26,3.52,0.63,0.29,105.77,46.7471,False,True,False,False,True,False,False,False,True,True,False,False
25.83,4.62,1.86,0.43,7.19,45.89750000000001,False,True,False,False,True,False,False,True,False,True,False,False
31.18,2.71,0.79,0.35,89.23,58.5727,True,False,False,False,True,False,False,False,True,True,False,False
32.12,2.63,1.12,0.43,112.31,86.89770000000001,True,False,False,False,True,False,True,False,False,False,True,False
3.22,4.21,1.17,0.3,80.58,32.151399999999995,True,False,False,False,True,False,False,False,True,True,False,False
19.36,2.96,1.4,0.15,55.49,38.3875,False,False,False,True,True,False,False,False,True,False,True,False
31.67,3.52,1.22,0.11,10.16,23.9563,False,False,True,False,True,False,False,True,False,True,False,False
25.65,2.49,0.84,0.22,110.81,48.4142,False,True,False,False,True,False,False,False,True,False,False,True
42.97,4.88,1.9,0.38,59.08,108.9734,True,False,False,False,False,True,False,True,False,True,False,False
33.28,4.55,1.86,0.42,8.33,69.9494,True,False,False,False,True,False,False,False,True,False,True,False
8.98,4.59,1.67,0.22,84.33,38.1392,False,True,False,False,True,False,True,False,False,True,False,False
4.46,3.22,0.53,0.3,60.41,23.7068,True,False,False,False,False,True,False,False,True,True,False,False
32.48,4.29,0.99,0.27,19.3,41.65619999999999,False,True,False,False,True,False,False,True,False,True,False,False
2.3,2.43,1.44,0.26,29.64,13.4484,False,False,False,True,False,True,False,True,False,True,False,False
25.83,2.03,0.91,0.19,12.42,31.4168,True,False,False,False,True,False,False,False,True,False,True,False
47.07,2.06,1.86,0.15,71.04,100.2662,False,False,True,False,True,False,False,False,True,False,True,False
29.2,3.76,1.45,0.18,76.53,59.87539999999999,True,False,False,False,True,False,True,False,False,False,True,False
20.02,3.37,0.61,0.12,63.16,23.1614,False,False,False,True,True,False,True,False,False,True,False,False
32.52,3.55,1.86,0.18,98.97,81.85180000000001,False,False,True,False,True,False,False,False,True,False,True,False
23.45,2.02,1.94,0.1,104.02,57.915,True,False,False,False,True,False,False,True,False,True,False,False
27.74,3.52,0.62,0.35,75.8,46.9988,True,False,False,False,True,False,False,True,False,True,False,False
47.13,4.15,1.3,0.23,6.47,66.90710000000001,False,True,False,False,True,False,False,True,False,True,False,False
19.92,3.33,0.96,0.49,84.95,64.0787,False,False,True,False,True,False,False,True,False,True,False,False
25.83,4.2,1.09,0.18,61.86,66.1816,False,True,False,False,True,False,False,False,True,True,False,False
45.36,2.7,0.77,0.24,70.04,54.436800000000005,False,False,False,True,True,False,False,False,True,True,False,False
10.59,4.44,1.22,0.24,79.64,38.0619,False,False,True,False,True,False,False,False,True,True,False,False
4.4,3.77,1.94,0.1,45.28,16.834,False,False,True,False,False,True,False,True,False,False,True,False
5.94,2.63,1.25,0.44,110.47,58.6618,False,False,False,True,True,False,False,True,False,True,False,False
1.89,2.71,0.62,0.11,20.41,6.1269,False,False,True,False,False,True,False,True,False,True,False,False
5.63,3.88,1.43,0.29,82.22,51.39649999999999,False,True,False,False,True,False,False,True,False,True,False,False
34.47,4.49,1.01,0.46,5.5,41.834700000000005,True,False,False,False,True,False,True,False,False,True,False,False
4.49,3.25,1.78,0.31,111.33,45.75449999999999,False,False,True,False,True,False,False,True,False,True,False,False
16.63,2.77,1.15,0.32,17.94,27.6353,False,True,False,False,True,False,False,False,True,True,False,False
42.4,4.6,0.79,0.36,15.91,43.823600000000006,True,False,False,False,True,False,False,True,False,True,False,False
2.14,4.01,0.79,0.25,43.3,16.525599999999997,True,False,False,False,False,True,True,False,False,True,False,False
40.91,3.34,1.65,0.36,47.96,88.1071,True,False,False,False,True,False,False,False,True,True,False,False
14.81,3.46,0.9,0.12,29.64,20.3458,True,False,False,False,False,True,False,True,False,False,True,False
6.79,2.61,1.65,0.12,72.29,22.4883,False,False,True,False,False,True,False,False,True,True,False,False
35.14,3.88,0.81,0.28,55.94,48.006600000000006,True,False,False,False,False,True,False,False,True,True,False,False
31.82,3.08,0.98,0.32,8.93,37.1212,True,False,False,False,False,True,True,False,False,False,True,False
44.0,4.99,1.2,0.46,41.76,76.9996,False,False,True,False,True,False,False,True,False,True,False,False
37.02,3.44,1.91,0.14,61.86,87.89620000000001,True,False,False,False,True,False,True,False,False,True,False,False
40.37,3.46,1.9,0.43,84.32,116.42059999999998,True,False,False,False,True,False,True,False,False,False,True,False
14.82,3.7,0.81,0.18,88.36,31.609,False,True,False,False,True,False,True,False,False,True,False,False
9.69,4.75,1.04,0.26,85.28,37.0004,False,False,True,False,True,False,False,False,True,True,False,False
37.78,4.4,0.72,0.23,40.76,40.9764,False,False,False,True,False,True,False,False,True,True,False,False
40.53,3.35,1.26,0.26,16.46,58.6974,True,False,False,False,True,False,False,False,True,True,False,False
49.53,4.16,1.19,0.16,36.33,68.9135,False,False,True,False,True,False,False,False,True,True,False,False
21.22,3.76,1.85,0.3,100.66,73.21499999999999,False,False,True,False,True,False,False,False,True,True,False,False
19.23,3.48,1.9,0.42,117.75,89.472,False,False,True,False,True,False,False,False,True,True,False,False
39.04,3.52,1.08,0.28,61.79,62.0444,True,False,False,False,True,False,False,False,True,True,False,False
17.7,3.39,1.24,0.3,6.12,27.174,True,False,False,False,False,True,False,False,True,True,False,False
46.61,2.74,1.84,0.44,21.11,97.7908,False,True,False,False,True,False,True,False,False,True,False,False
43.06,4.74,1.71,0.38,42.04,94.3478,True,False,False,False,True,False,False,True,False,True,False,False
37.79,4.86,0.98,0.2,13.64,44.6222,True,False,False,False,True,False,False,False,True,True,False,False
37.97,3.6,1.13,0.45,113.49,97.57659999999998,False,True,False,False,True,False,True,False,False,False,True,False
6.05,3.89,0.84,0.33,46.98,24.4754,False,False,True,False,True,False,False,False,True,True,False,False
25.83,3.63,0.8,0.19,109.95,60.7045,False,False,True,False,True,False,False,True,False,True,False,False
25.76,2.39,0.56,0.21,94.76,36.7152,False,False,True,False,True,False,True,False,False,True,False,False
41.5,3.13,1.47,0.42,91.88,102.72459999999998,False,True,False,False,True,False,False,True,False,True,False,False
25.83,2.3,0.89,0.12,74.77,26.1176,True,False,False,False,True,False,True,False,False,False,True,False
44.88,3.87,0.58,0.5,77.08,68.4404,True,False,False,False,True,False,False,False,True,True,False,False
20.07,3.34,0.85,0.15,78.37,32.155,False,True,False,False,True,False,False,False,True,False,False,True
45.36,2.66,1.78,0.26,68.68,101.2576,True,False,False,False,False,True,False,False,True,False,True,False
5.47,2.49,1.22,0.29,118.44,44.69539999999999,True,False,False,False,True,False,False,True,False,True,False,False
47.58,4.13,0.8,0.31,105.33,74.8463,False,False,True,False,True,False,False,True,False,True,False,False
29.1,3.26,0.82,0.12,29.8,30.698,False,False,True,False,True,False,True,False,False,True,False,False
31.96,3.55,0.94,0.29,14.64,35.0564,True,False,False,False,True,False,True,False,False,True,False,False
22.97,2.25,0.76,0.2,60.53,31.8132,False,False,False,True,False,True,False,True,False,False,True,False
15.37,4.95,1.07,0.37,64.12,45.1203,False,False,True,False,True,False,False,True,False,True,False,False
25.83,4.0,1.87,0.15,100.36,51.031000000000006,False,False,True,False,True,False,False,True,False,True,False,False
33.95,2.86,1.42,0.15,61.86,59.475,True,False,False,False,True,False,False,False,True,False,True,False
37.87,3.76,1.22,0.26,70.65,64.5434,False,False,False,True,True,False,True,False,False,True,False,False
39.79,2.33,1.9,0.36,61.86,101.5506,True,False,False,False,True,False,True,False,False,False,False,True
39.69,4.9,0.57,0.38,61.86,31.0915,True,False,False,False,True,False,False,False,True,False,True,False
5.47,2.52,0.82,0.17,75.75,19.8829,False,False,True,False,False,True,False,False,True,True,False,False
25.23,3.94,1.35,0.13,100.22,51.0291,False,False,True,False,True,False,False,True,False,False,True,False
25.83,3.52,1.42,0.48,23.11,19.2572,False,False,False,True,True,False,True,False,False,True,False,False
27.93,4.15,0.56,0.2,73.35,34.4608,False,False,False,True,False,True,False,True,False,True,False,False
44.5,4.02,1.47,0.45,23.88,80.18099999999998,False,False,False,True,False,True,False,False,True,True,False,False
25.83,3.84,1.55,0.41,19.2,39.9065,True,False,False,False,True,False,False,False,True,False,True,False
6.74,4.68,1.46,0.17,117.71,34.5311,False,True,False,False,False,True,False,True,False,False,True,False
8.01,3.52,0.98,0.43,50.28,31.7102,True,False,False,False,True,False,True,False,False,True,False,False
38.31,2.99,0.64,0.41,31.15,40.2799,True,False,False,False,False,True,False,True,False,True,False,False
31.29,2.74,1.14,0.34,24.7,46.8086,True,False,False,False,False,True,False,False,True,False,False,True
5.96,4.96,0.69,0.23,81.77,27.8795,True,False,False,False,True,False,False,True,False,True,False,False
5.12,3.17,1.92,0.21,75.09,28.7693,False,False,True,False,False,True,False,True,False,True,False,False
35.35,4.2,1.21,0.15,79.01,58.825,False,False,True,False,True,False,False,False,True,True,False,False
4.57,4.05,0.98,0.3,15.12,13.0646,True,False,False,False,True,False,False,False,True,False,True,False
41.27,2.64,1.65,0.33,107.76,106.2963,False,True,False,False,True,False,False,True,False,True,False,False
25.83,2.72,1.25,0.24,49.77,59.1773,False,False,True,False,True,False,False,True,False,False,True,False
25.83,2.84,0.97,0.29,41.04,19.5819,True,False,False,False,True,False,False,False,True,True,False,False
5.16,3.23,1.72,0.25,58.17,26.6477,False,False,False,True,True,False,False,False,True,True,False,False
49.35,2.7,1.8,0.36,49.86,109.4796,False,False,True,False,True,False,False,True,False,True,False,False
19.34,2.06,1.51,0.46,104.31,79.24600000000001,True,False,False,False,False,True,False,True,False,True,False,False
19.16,4.64,0.57,0.29,111.87,34.5791,True,False,False,False,False,True,False,True,False,True,False,False
40.83,4.9,1.35,0.29,39.9,69.99549999999999,False,True,False,False,True,False,False,True,False,False,True,False
47.42,3.02,1.64,0.16,104.35,97.4848,False,False,True,False,True,False,False,True,False,False,True,False
25.83,3.02,0.7,0.35,94.88,70.745,True,False,False,False,True,False,False,False,True,True,False,False
37.92,2.02,0.84,0.39,112.04,77.56840000000001,False,True,False,False,True,False,False,False,True,False,True,False
19.44,4.04,1.82,0.47,33.26,55.053,False,False,False,True,True,False,False,True,False,True,False,False
39.08,2.44,1.63,0.29,36.57,83.694,True,False,False,False,True,False,False,True,False,True,False,False
28.36,2.48,1.21,0.13,99.77,49.7657,True,False,False,False,False,True,True,False,False,True,False,False
21.79,4.37,1.17,0.34,5.61,31.7717,False,True,False,False,True,False,True,False,False,True,False,False
45.41,3.85,0.51,0.12,69.95,35.4031,True,False,False,False,True,False,False,True,False,True,False,False
6.45,2.13,1.73,0.46,44.01,33.5331,False,False,True,False,True,False,False,True,False,True,False,False
25.14,3.87,1.04,0.31,42.11,43.069700000000005,False,False,False,True,True,False,True,False,False,False,True,False
1.56,2.93,1.31,0.37,79.16,34.2628,True,False,False,False,True,False,True,False,False,True,False,False
23.96,3.11,1.52,0.43,102.92,83.7848,True,False,False,False,True,False,False,True,False,True,False,False
3.76,4.31,1.55,0.16,75.06,22.1476,False,False,True,False,True,False,False,True,False,True,False,False
6.82,4.43,1.93,0.12,103.11,29.965799999999994,True,False,False,False,True,False,False,True,False,True,False,False
6.76,3.2,1.3,0.45,35.43,27.9315,True,False,False,False,False,True,False,False,True,True,False,False
32.81,4.84,1.22,0.23,64.74,55.82120000000001,True,False,False,False,False,True,False,True,False,True,False,False
37.56,3.22,1.93,0.15,56.81,84.23230000000001,False,False,True,False,True,False,False,True,False,True,False,False
29.59,4.32,1.46,0.29,6.34,49.36,True,False,False,False,True,False,False,False,True,False,True,False
48.15,3.45,0.95,0.34,69.03,72.6627,False,False,False,True,True,False,False,True,False,True,False,False
19.37,4.69,0.69,0.11,81.08,26.9741,False,False,True,False,True,False,False,False,True,True,False,False
15.0,4.72,1.76,0.21,73.07,46.46469999999999,False,False,False,True,True,False,False,True,False,False,False,True
43.56,2.26,1.04,0.11,89.67,57.426100000000005,True,False,False,False,True,False,False,True,False,False,True,False
11.96,4.81,1.49,0.27,70.7,41.71940000000001,False,True,False,False,True,False,False,False,True,False,False,True
48.2,4.48,1.21,0.46,12.68,68.63480000000001,True,False,False,False,True,False,False,True,False,True,False,False
25.83,4.37,0.8,0.49,18.39,14.6611,True,False,False,False,True,False,True,False,False,True,False,False
48.52,2.6,1.4,0.35,73.59,96.2845,False,True,False,False,False,True,False,False,True,True,False,False
3.11,4.42,0.59,0.16,36.62,12.1141,False,True,False,False,False,True,False,True,False,True,False,False
44.67,4.55,1.12,0.46,14.16,61.09400000000001,True,False,False,False,False,True,False,False,True,False,True,False
26.86,2.87,1.32,0.31,54.4,55.1892,True,False,False,False,True,False,False,True,False,True,False,False
49.66,4.86,1.15,0.16,68.75,72.969,True,False,False,False,False,True,True,False,False,True,False,False
25.83,2.15,1.62,0.47,42.81,29.7551,False,True,False,False,True,False,False,True,False,True,False,False
28.14,2.45,1.22,0.4,87.85,86.5536,False,True,False,False,False,True,False,False,True,True,False,False
48.5,3.61,1.66,0.39,79.03,114.9417,False,True,False,False,True,False,False,True,False,True,False,False
26.63,3.73,0.56,0.38,43.27,35.08540000000001,True,False,False,False,False,True,False,False,True,True,False,False
31.84,3.94,0.79,0.18,91.81,45.6194,False,True,False,False,True,False,True,False,False,False,False,True
23.27,4.88,1.9,0.38,78.31,78.85079999999999,True,False,False,False,False,True,False,True,False,True,False,False
31.75,2.13,1.75,0.19,68.64,70.7341,False,False,True,False,True,False,False,True,False,False,True,False
29.63,2.43,1.76,0.28,6.31,56.345600000000005,True,False,False,False,True,False,True,False,False,True,False,False
45.16,2.04,1.22,0.41,85.1,79.833,True,False,False,False,False,True,True,False,False,True,False,False
3.23,3.7,1.14,0.41,48.24,27.1606,True,False,False,False,True,False,False,True,False,False,True,False
14.77,4.8,1.21,0.28,113.4,54.42370000000001,True,False,False,False,False,True,False,False,True,True,False,False
47.57,4.0,0.74,0.42,99.07,80.81119999999999,True,False,False,False,True,False,False,True,False,False,True,False
44.62,4.47,0.55,0.44,72.58,60.9462,True,False,False,False,True,False,True,False,False,False,True,False
23.33,2.04,1.92,0.29,34.0,59.0736,False,False,True,False,True,False,False,True,False,False,False,True
31.39,3.63,0.86,0.19,28.43,36.0271,True,False,False,False,True,False,False,True,False,True,False,False
14.59,3.52,0.86,0.21,44.14,25.1968,False,False,True,False,False,True,False,False,True,True,False,False
10.22,3.5,0.63,0.23,59.81,23.694900000000004,False,False,True,False,True,False,False,True,False,True,False,False
23.72,2.22,1.89,0.15,39.05,52.9083,True,False,False,False,True,False,False,False,True,True,False,False
18.31,4.05,1.37,0.21,64.22,42.6209,True,False,False,False,True,False,False,False,True,False,True,False
29.6,3.51,1.5,0.18,24.02,52.2336,True,False,False,False,True,False,False,True,False,True,False,False
4.81,4.3,1.87,0.28,117.44,46.1779,True,False,False,False,False,True,False,True,False,True,False,False
48.75,3.46,1.02,0.46,17.41,61.1936,True,False,False,False,False,True,False,False,True,False,True,False
49.32,2.45,1.43,0.14,112.17,88.6814,False,True,False,False,True,False,False,True,False,True,False,False
35.21,3.94,0.56,0.39,110.06,66.581,True,False,False,False,False,True,False,False,True,True,False,False
27.27,2.52,0.78,0.37,65.42,47.996,True,False,False,False,False,True,True,False,False,True,False,False
16.17,4.62,1.75,0.14,61.86,45.28790000000001,True,False,False,False,True,False,False,False,True,False,True,False
40.88,3.52,1.65,0.47,55.15,97.2125,True,False,False,False,False,True,False,True,False,True,False,False
34.55,2.47,1.03,0.29,61.86,63.615,True,False,False,False,True,False,False,True,False,False,True,False
8.97,4.89,1.07,0.25,44.17,25.5304,True,False,False,False,True,False,False,True,False,True,False,False
45.64,3.56,1.3,0.4,39.63,78.744,True,False,False,False,False,True,False,True,False,False,True,False
41.3,2.22,1.22,0.2,71.5,37.17,True,False,False,False,True,False,False,False,True,False,True,False
47.54,3.88,0.86,0.38,61.86,68.4308,True,False,False,False,False,True,False,False,True,True,False,False
36.56,2.76,0.81,0.12,61.86,40.9716,False,True,False,False,False,True,False,True,False,True,False,False
31.06,4.41,0.88,0.44,37.97,48.4496,False,True,False,False,True,False,False,True,False,True,False,False
21.49,4.45,1.71,0.28,47.2,54.4139,False,True,False,False,False,True,False,True,False,False,True,False
46.7,4.94,1.22,0.35,14.65,53.0315,False,False,False,True,True,False,False,False,True,True,False,False
43.44,3.51,0.79,0.19,11.01,39.9195,False,False,True,False,True,False,False,True,False,True,False,False
3.22,3.36,1.22,0.37,34.15,20.0527,False,False,True,False,True,False,False,True,False,True,False,False
2.29,4.26,1.8,0.41,13.54,13.9334,False,False,True,False,False,True,False,True,False,True,False,False
19.45,2.4,0.86,0.29,16.93,24.0367,True,False,False,False,True,False,True,False,False,True,False,False
40.72,3.64,0.62,0.35,98.49,63.3579,False,True,False,False,True,False,True,False,False,True,False,False
49.38,3.64,1.03,0.28,9.47,57.153000000000006,False,False,True,False,True,False,False,True,False,True,False,False
8.37,2.27,1.62,0.29,80.78,52.9882,False,False,False,True,False,True,False,True,False,False,True,False
30.11,3.25,1.33,0.3,36.34,54.1983,False,False,True,False,True,False,False,False,True,True,False,False
19.66,4.56,1.73,0.44,105.23,84.873,False,False,False,True,True,False,False,True,False,True,False,False
42.26,2.3,1.69,0.26,40.14,84.1558,False,False,True,False,True,False,True,False,False,False,True,False
42.08,2.27,1.41,0.19,64.53,73.86349999999999,True,False,False,False,False,True,False,False,True,False,True,False
23.97,2.79,1.24,0.26,48.93,45.2346,False,False,True,False,True,False,True,False,False,True,False,False
21.33,4.62,0.56,0.43,69.89,46.61750000000001,False,False,True,False,True,False,False,True,False,True,False,False
14.4,2.39,1.98,0.19,18.17,34.3543,True,False,False,False,False,True,False,True,False,True,False,False
3.76,4.16,1.08,0.31,119.65,45.31230000000001,False,True,False,False,True,False,False,False,True,False,True,False
43.37,2.3,0.73,0.42,53.94,56.61489999999999,True,False,False,False,False,True,False,True,False,True,False,False
40.83,3.87,1.5,0.24,45.05,75.92699999999999,True,False,False,False,True,False,False,False,True,True,False,False
49.99,3.07,0.93,0.36,86.67,80.7619,True,False,False,False,False,True,False,True,False,True,False,False
28.22,2.7,1.38,0.14,100.83,55.7598,False,False,True,False,True,False,True,False,False,True,False,False
38.68,3.92,1.17,0.42,57.24,73.2164,True,False,False,False,False,True,False,True,False,True,False,False
47.29,2.71,1.75,0.14,87.75,97.75249999999998,False,False,True,False,False,True,True,False,False,True,False,False
42.63,4.14,1.22,0.21,17.36,46.15260000000001,False,False,True,False,False,True,True,False,False,True,False,False
13.12,4.62,1.17,0.44,102.3,64.9824,True,False,False,False,True,False,False,False,True,False,False,True
23.08,2.38,1.31,0.24,89.61,54.1212,False,False,True,False,False,True,False,False,True,False,True,False
7.33,4.6,1.5,0.49,29.35,29.9765,True,False,False,False,False,True,False,False,True,False,True,False
47.75,3.78,1.68,0.49,61.86,94.6379,False,True,False,False,True,False,True,False,False,False,True,False
30.7,2.38,1.09,0.21,41.37,44.5307,False,False,True,False,False,True,False,True,False,True,False,False
12.2,3.28,1.47,0.12,117.25,35.284,True,False,False,False,False,True,False,False,True,True,False,False
33.91,2.48,0.73,0.38,34.54,40.3595,False,False,True,False,True,False,False,False,True,True,False,False
31.29,4.1,1.9,0.28,57.45,79.637,False,False,False,True,True,False,False,False,True,True,False,False
18.55,4.28,1.07,0.14,61.86,25.3115,True,False,False,False,True,False,False,False,True,True,False,False
6.56,2.32,1.59,0.38,50.68,32.0088,False,True,False,False,True,False,False,True,False,True,False,False
33.91,3.52,0.53,0.11,61.86,29.2693,True,False,False,False,True,False,False,False,True,True,False,False
26.5,4.44,0.81,0.45,114.61,77.4795,False,False,True,False,True,False,True,False,False,True,False,False
38.84,4.81,1.23,0.29,64.42,62.89040000000001,True,False,False,False,True,False,False,True,False,True,False,False
26.49,3.54,1.82,0.15,99.2,66.6318,False,False,False,True,True,False,True,False,False,True,False,False
42.76,4.85,1.29,0.17,67.92,71.5568,True,False,False,False,True,False,False,False,True,False,True,False
28.04,3.61,1.89,0.48,9.69,61.2568,False,True,False,False,False,True,True,False,False,True,False,False
28.49,3.18,1.23,0.38,41.23,53.8901,False,True,False,False,False,True,False,False,True,True,False,False
43.96,4.54,1.24,0.42,71.19,88.9502,False,False,True,False,True,False,False,False,True,True,False,False
20.77,3.48,1.22,0.26,61.86,47.3268,False,False,True,False,False,True,False,True,False,True,False,False
7.57,3.42,1.7,0.23,103.8,40.163,True,False,False,False,True,False,True,False,False,True,False,False
2.41,3.47,0.87,0.19,31.26,11.5061,True,False,False,False,True,False,False,True,False,True,False,False
38.0,4.54,1.85,0.29,30.31,83.6299,False,True,False,False,True,False,True,False,False,True,False,False
31.4,4.5,1.87,0.32,28.13,72.2196,False,False,False,True,True,False,False,True,False,True,False,False
35.5,3.21,1.91,0.35,111.09,109.89649999999996,True,False,False,False,False,True,False,True,False,False,True,False
11.44,3.0,1.28,0.2,103.06,38.2552,False,False,True,False,False,True,False,True,False,False,True,False
7.68,3.48,1.52,0.48,94.11,60.32639999999999,False,True,False,False,True,False,False,False,True,True,False,False
1.71,3.72,1.67,0.17,50.16,15.1029,False,False,True,False,True,False,False,True,False,True,False,False
18.18,2.72,0.7,0.49,63.0,46.316,False,True,False,False,True,False,True,False,False,False,True,False
29.91,4.38,1.4,0.11,58.4,52.678,True,False,False,False,True,False,False,True,False,True,False,False
20.22,3.46,0.55,0.29,34.14,24.4816,True,False,False,False,True,False,False,True,False,True,False,False
22.44,3.0,1.25,0.23,63.08,45.5584,False,False,True,False,True,False,True,False,False,True,False,False
45.3,2.32,0.73,0.28,8.51,37.7718,True,False,False,False,False,True,False,False,True,False,True,False
18.06,2.72,0.77,0.33,20.16,23.279,True,False,False,False,False,True,True,False,False,True,False,False
26.19,4.85,1.05,0.27,106.96,61.2287,True,False,False,False,True,False,False,True,False,True,False,False
39.4,2.92,1.15,0.27,91.44,72.9188,True,False,False,False,False,True,False,False,True,False,True,False
20.43,2.51,1.43,0.39,53.63,52.6406,False,True,False,False,True,False,False,False,True,True,False,False
31.48,3.38,0.61,0.37,64.47,46.4367,False,True,False,False,True,False,False,False,True,True,False,False
43.26,2.92,1.26,0.43,47.55,77.8741,False,False,True,False,True,False,False,False,True,False,False,True
47.53,2.11,0.77,0.2,90.19,56.7461,False,False,True,False,True,False,False,False,True,True,False,False
8.21,2.97,1.36,0.34,95.18,46.49680000000001,False,False,True,False,False,True,False,False,True,True,False,False
46.4,3.63,1.46,0.33,92.78,101.9914,True,False,False,False,True,False,False,True,False,True,False,False
25.11,3.66,1.34,0.25,88.1,59.3324,True,False,False,False,True,False,False,False,True,True,False,False
23.5,3.34,1.0,0.23,43.87,36.9301,False,False,True,False,True,False,False,False,True,True,False,False
49.02,4.9,1.65,0.16,59.03,95.2278,True,False,False,False,False,True,False,True,False,True,False,False
25.14,3.13,1.15,0.19,43.04,40.2186,True,False,False,False,True,False,False,False,True,False,True,False
17.11,2.77,1.23,0.29,91.82,36.6701,True,False,False,False,True,False,False,False,True,True,False,False
25.83,2.73,1.47,0.37,42.88,65.6944,False,False,False,True,True,False,False,True,False,True,False,False
12.77,3.37,0.53,0.29,20.9,17.662100000000002,False,False,True,False,True,False,False,True,False,True,False,False
4.72,4.28,1.48,0.48,50.89,35.6928,True,False,False,False,True,False,False,True,False,False,True,False
7.32,2.62,1.43,0.39,117.69,58.9867,True,False,False,False,True,False,False,False,True,True,False,False
8.44,2.06,0.63,0.45,75.4,41.30720000000001,False,True,False,False,False,True,False,True,False,True,False,False
7.8,3.26,0.64,0.45,61.86,32.9075,True,False,False,False,False,True,False,False,True,True,False,False
32.4,4.33,1.88,0.28,13.17,68.9296,False,False,False,True,False,True,False,True,False,True,False,False
9.91,3.02,1.53,0.33,61.11,38.348600000000005,False,False,True,False,True,False,False,False,True,False,True,False
17.94,3.69,0.69,0.49,85.75,58.0861,False,False,True,False,True,False,True,False,False,True,False,False
44.94,2.61,1.04,0.31,64.02,69.1938,False,True,False,False,True,False,False,True,False,True,False,False
24.22,4.23,1.39,0.46,61.86,86.3292,True,False,False,False,False,True,False,False,True,True,False,False
33.71,3.52,1.75,0.13,38.23,66.1224,False,False,True,False,True,False,False,True,False,False,True,False
9.44,4.56,0.57,0.18,14.92,12.6264,False,False,True,False,True,False,False,True,False,True,False,False
10.42,3.52,0.85,0.28,112.71,43.0058,False,False,True,False,True,False,False,True,False,True,False,False
3.0,4.62,1.83,0.33,48.49,26.111700000000003,False,True,False,False,True,False,False,True,False,True,False,False
9.28,3.06,0.51,0.43,71.29,38.447500000000005,False,False,True,False,True,False,False,False,True,True,False,False
14.65,4.17,0.8,0.5,96.08,63.93,True,False,False,False,True,False,False,False,True,True,False,False
9.67,2.96,1.94,0.26,42.3,32.7178,False,False,True,False,False,True,False,False,True,True,False,False
5.35,4.72,1.42,0.12,87.36,22.8002,True,False,False,False,True,False,False,True,False,True,False,False
6.91,2.38,0.89,0.42,20.57,17.1693,False,False,True,False,True,False,False,True,False,True,False,False
23.58,2.54,0.6,0.34,38.5,29.778,True,False,False,False,True,False,False,False,True,True,False,False
11.11,3.48,0.54,0.18,21.64,13.3746,False,False,True,False,True,False,False,True,False,True,False,False
18.85,2.25,0.87,0.3,98.29,48.1365,True,False,False,False,True,False,False,True,False,True,False,False
25.67,2.59,1.82,0.4,30.6,61.54940000000001,False,False,True,False,False,True,True,False,False,True,False,False
34.83,4.83,1.12,0.41,87.5,79.71459999999999,True,False,False,False,True,False,False,False,True,False,False,True
2.93,4.93,1.58,0.3,113.48,43.60339999999999,False,True,False,False,False,True,False,False,True,False,False,True
40.17,3.13,1.88,0.22,65.69,93.1014,True,False,False,False,True,False,False,False,True,False,True,False
31.77,4.77,1.11,0.49,67.1,72.9137,True,False,False,False,True,False,False,True,False,True,False,False
5.01,3.63,0.79,0.37,58.02,29.055300000000003,True,False,False,False,False,True,False,True,False,False,True,False
43.81,2.81,1.28,0.26,42.48,69.9316,True,False,False,False,True,False,False,False,True,True,False,False
46.12,4.11,1.86,0.21,59.7,102.4302,True,False,False,False,True,False,False,True,False,True,False,False
14.57,4.97,0.6,0.29,118.39,37.39,True,False,False,False,True,False,False,False,True,True,False,False
40.5,2.8,1.54,0.29,112.84,84.3528,True,False,False,False,False,True,False,True,False,False,True,False
37.66,4.02,1.36,0.31,104.15,87.5241,False,True,False,False,True,False,False,False,True,True,False,False
10.04,2.16,1.86,0.22,107.25,44.4294,True,False,False,False,False,True,False,True,False,True,False,False
11.26,2.34,0.68,0.29,58.8,30.5768,False,False,True,False,False,True,False,False,True,False,True,False
19.15,2.01,1.3,0.15,80.61,38.9965,True,False,False,False,True,False,False,False,True,True,False,False
24.74,5.0,1.82,0.36,107.93,88.8816,False,False,False,True,False,True,True,False,False,True,False,False
19.08,4.36,1.22,0.1,115.6,39.1976,True,False,False,False,False,True,False,False,True,True,False,False
23.66,3.53,0.61,0.15,52.82,25.8856,False,False,True,False,True,False,False,False,True,True,False,False
37.63,2.9,0.92,0.29,74.12,72.356,True,False,False,False,True,False,True,False,False,True,False,False
2.8,2.45,1.22,0.45,86.63,44.2055,False,False,True,False,True,False,False,True,False,True,False,False
13.37,2.85,1.92,0.19,114.32,50.2412,True,False,False,False,True,False,False,True,False,False,True,False
35.95,3.13,0.92,0.41,33.13,49.78730000000001,False,True,False,False,True,False,False,True,False,True,False,False
27.07,2.23,0.74,0.25,35.88,31.2318,False,True,False,False,True,False,False,False,True,True,False,False
6.25,2.05,1.23,0.37,94.31,44.6322,False,False,False,True,False,True,False,False,True,False,False,True
22.92,2.31,1.61,0.13,68.51,48.11750000000001,False,False,True,False,True,False,False,True,False,True,False,False
27.1,3.52,1.8,0.26,81.01,73.0726,True,False,False,False,True,False,False,False,True,True,False,False
12.88,4.8,1.44,0.49,42.13,43.9909,False,False,True,False,False,True,False,True,False,True,False,False
14.19,3.91,1.5,0.32,61.86,44.507000000000005,False,False,False,True,False,True,False,False,True,True,False,False
19.49,4.41,0.69,0.22,76.0,34.5781,False,False,False,True,False,True,False,False,True,False,True,False
25.83,3.08,0.7,0.38,27.81,25.3938,False,True,False,False,True,False,False,True,False,True,False,False
11.36,3.52,1.66,0.36,115.59,62.8,True,False,False,False,False,True,False,True,False,True,False,False
6.87,4.35,1.9,0.48,89.4,60.315,False,False,True,False,True,False,True,False,False,True,False,False
44.64,2.5,1.58,0.11,52.27,78.7809,False,True,False,False,True,False,False,False,True,False,True,False
30.09,3.54,1.63,0.22,45.84,62.6715,False,False,True,False,False,True,False,True,False,True,False,False
25.83,3.46,0.83,0.47,51.82,56.2678,False,True,False,False,True,False,False,False,True,False,True,False
39.67,3.88,1.16,0.23,52.06,61.871,False,True,False,False,True,False,False,False,True,True,False,False
25.42,4.84,1.43,0.2,67.58,54.7066,False,True,False,False,True,False,False,False,True,True,False,False
5.26,3.74,1.65,0.31,67.5,33.344,False,False,True,False,True,False,False,True,False,True,False,False
27.32,3.62,0.66,0.43,62.17,48.3843,True,False,False,False,True,False,False,True,False,True,False,False
29.76,2.15,1.94,0.14,20.5,62.7544,False,False,True,False,True,False,False,False,True,False,True,False
37.53,2.19,1.84,0.48,62.05,101.0292,True,False,False,False,True,False,False,True,False,False,True,False
22.15,2.56,0.91,0.42,24.45,32.985499999999995,False,False,True,False,False,True,False,True,False,True,False,False
7.25,2.1,1.73,0.17,19.51,17.9592,False,False,False,True,True,False,False,True,False,True,False,False
14.91,4.23,1.28,0.38,112.25,65.9698,True,False,False,False,False,True,False,False,True,True,False,False
18.79,4.17,1.19,0.25,74.57,45.1726,True,False,False,False,False,True,True,False,False,False,True,False
28.97,4.51,1.37,0.41,51.21,65.195,True,False,False,False,True,False,False,False,True,True,False,False
18.45,2.46,1.59,0.49,109.53,85.4652,True,False,False,False,True,False,False,False,True,True,False,False
49.34,3.52,1.12,0.15,78.36,69.91480000000001,True,False,False,False,False,True,False,True,False,True,False,False
30.68,2.75,1.44,0.27,93.45,72.16069999999999,False,False,False,True,True,False,False,False,True,True,False,False
12.62,3.12,1.55,0.29,47.38,36.4212,True,False,False,False,True,False,False,True,False,True,False,False
5.99,2.76,1.57,0.25,115.4,41.014300000000006,False,False,False,True,True,False,False,False,True,True,False,False
8.49,3.47,1.22,0.25,99.35,33.2317,False,True,False,False,True,False,False,True,False,False,False,True
13.05,3.22,1.79,0.12,103.2,38.9635,False,False,True,False,True,False,False,True,False,True,False,False
8.87,4.96,1.19,0.37,24.8,24.6913,False,False,False,True,True,False,False,True,False,True,False,False
14.97,2.43,0.86,0.18,37.85,22.1172,False,True,False,False,True,False,False,True,False,False,True,False
9.5,2.16,1.22,0.43,36.15,29.2945,True,False,False,False,True,False,False,True,False,True,False,False
4.93,2.16,1.07,0.29,8.67,9.9494,False,True,False,False,False,True,False,False,True,True,False,False
26.7,4.51,1.62,0.22,13.75,50.789,False,True,False,False,True,False,False,False,True,True,False,False
21.11,3.54,0.65,0.36,36.5,30.4015,False,True,False,False,False,True,True,False,False,True,False,False
49.14,3.58,1.21,0.22,27.99,69.1972,True,False,False,False,True,False,True,False,False,False,True,False
20.49,2.51,1.66,0.39,96.76,74.2598,True,False,False,False,True,False,True,False,False,True,False,False
48.5,2.59,0.82,0.12,61.86,50.7312,False,False,True,False,True,False,False,True,False,True,False,False
43.41,2.96,1.25,0.14,5.66,58.0149,True,False,False,False,True,False,False,True,False,False,True,False
41.04,3.78,0.85,0.1,54.37,44.101,True,False,False,False,True,False,False,False,True,True,False,False
13.64,2.63,1.11,0.16,51.91,26.076,False,False,False,True,False,True,False,False,True,False,True,False
9.37,2.35,1.67,0.13,18.1,20.3509,True,False,False,False,True,False,False,False,True,True,False,False
33.76,3.52,1.66,0.5,82.76,102.3316,False,True,False,False,True,False,False,True,False,False,True,False
46.54,2.07,0.84,0.22,85.74,60.0264,False,False,True,False,True,False,False,True,False,False,True,False
28.28,4.41,1.88,0.16,87.9,71.6404,False,True,False,False,True,False,False,False,True,False,True,False
29.01,4.36,1.39,0.2,88.77,62.4379,True,False,False,False,True,False,False,True,False,True,False,False
14.72,2.89,1.07,0.47,5.01,20.9951,True,False,False,False,True,False,False,False,True,True,False,False
38.71,2.41,1.25,0.31,114.7,86.3545,True,False,False,False,True,False,False,False,True,False,True,False
10.17,3.52,1.41,0.25,98.63,41.4372,False,True,False,False,True,False,False,False,True,True,False,False
16.86,4.09,1.34,0.45,108.96,75.7144,False,False,True,False,True,False,False,False,True,True,False,False
21.85,3.93,1.23,0.26,6.8,32.5735,True,False,False,False,True,False,True,False,False,False,True,False
25.87,4.35,1.26,0.23,112.39,62.7959,True,False,False,False,True,False,False,True,False,False,True,False
12.88,4.81,0.76,0.18,98.13,32.2622,False,False,True,False,True,False,False,False,True,False,True,False
6.63,4.08,1.72,0.25,101.28,40.8036,True,False,False,False,False,True,False,False,True,True,False,False
30.92,2.47,1.31,0.23,15.73,46.5931,False,False,True,False,True,False,False,True,False,False,True,False
15.14,2.73,0.7,0.37,89.96,46.61319999999999,False,False,True,False,True,False,False,True,False,False,True,False
29.48,4.53,1.65,0.22,115.39,78.5578,False,False,True,False,True,False,False,True,False,True,False,False
8.56,2.63,1.22,0.33,83.03,46.2939,False,False,False,True,False,True,False,False,True,True,False,False
24.58,2.22,1.92,0.13,70.61,58.59289999999999,True,False,False,False,False,True,False,False,True,True,False,False
27.1,4.11,1.05,0.18,113.75,53.040000000000006,True,False,False,False,True,False,True,False,False,True,False,False
3.54,3.21,0.7,0.26,55.94,20.2324,True,False,False,False,False,True,False,True,False,False,False,True
17.49,4.76,1.28,0.47,73.92,61.8896,True,False,False,False,True,False,False,True,False,True,False,False
7.59,3.95,0.67,0.25,59.78,23.9803,True,False,False,False,True,False,True,False,False,True,False,False
4.11,2.27,1.9,0.37,112.28,51.6226,True,False,False,False,False,True,False,True,False,False,False,True
49.51,4.84,0.78,0.2,13.75,46.207800000000006,False,False,True,False,False,True,False,False,True,True,False,False
16.8,2.78,0.88,0.29,62.63,26.9585,True,False,False,False,True,False,False,False,True,False,True,False
40.68,3.01,1.11,0.12,84.0,58.2448,False,False,True,False,True,False,False,True,False,True,False,False
13.48,3.21,1.07,0.22,96.07,38.769,True,False,False,False,True,False,False,True,False,False,True,False
34.39,2.15,1.69,0.16,72.05,71.7971,True,False,False,False,True,False,False,True,False,True,False,False
38.25,3.49,1.18,0.17,109.53,67.24510000000001,False,False,True,False,True,False,False,True,False,False,True,False
30.19,2.37,0.76,0.4,113.33,70.6464,False,False,True,False,True,False,False,False,True,True,False,False
24.11,3.2,0.9,0.11,12.4,26.263,False,True,False,False,True,False,False,False,True,True,False,False
21.18,3.05,1.26,0.32,51.27,46.1432,True,False,False,False,True,False,False,True,False,False,True,False
18.09,4.32,0.72,0.25,7.7,19.2698,False,False,True,False,True,False,False,False,True,True,False,False
46.55,4.41,1.42,0.3,42.88,83.375,False,False,False,True,True,False,True,False,False,True,False,False
41.7,2.46,1.35,0.33,66.74,80.7792,True,False,False,False,True,False,False,True,False,True,False,False
48.29,3.1,1.57,0.23,109.74,104.1555,True,False,False,False,False,True,False,False,True,False,True,False
7.09,3.52,1.91,0.22,102.35,39.1789,False,False,False,True,False,True,False,True,False,True,False,False
36.81,2.45,1.87,0.39,19.66,78.95210000000002,False,False,True,False,True,False,False,True,False,True,False,False
46.98,4.4,1.92,0.45,15.7,101.6666,False,False,True,False,False,True,False,True,False,True,False,False
9.88,4.12,0.87,0.18,72.77,25.8142,False,False,True,False,False,True,False,False,True,True,False,False
4.26,2.57,0.7,0.14,66.19,14.8186,True,False,False,False,False,True,False,True,False,True,False,False
37.31,3.1,0.95,0.46,35.63,54.9343,False,False,True,False,True,False,True,False,False,True,False,False
29.15,2.32,1.84,0.24,108.44,81.9816,True,False,False,False,True,False,False,False,True,True,False,False
7.85,2.36,1.22,0.24,51.3,28.7235,True,False,False,False,True,False,False,True,False,True,False,False
39.97,4.96,0.67,0.15,107.38,47.846900000000005,False,False,False,True,True,False,False,False,True,False,True,False
10.88,3.52,1.92,0.34,61.86,41.9406,False,True,False,False,True,False,False,False,True,True,False,False
9.05,3.74,0.51,0.18,59.73,19.1069,True,False,False,False,False,True,False,False,True,True,False,False
40.91,4.73,1.16,0.28,19.1,57.53359999999999,True,False,False,False,True,False,False,False,True,True,False,False
33.59,3.66,0.57,0.42,111.71,69.7245,True,False,False,False,True,False,False,True,False,False,True,False
26.63,2.52,1.22,0.34,57.22,57.1264,True,False,False,False,False,True,True,False,False,True,False,False
25.83,3.14,1.22,0.14,89.47,34.4316,False,False,True,False,False,True,False,True,False,True,False,False
43.98,4.53,1.21,0.32,47.22,72.8562,False,True,False,False,False,True,False,True,False,True,False,False
20.23,3.93,1.42,0.38,7.17,35.3812,True,False,False,False,False,True,False,True,False,True,False,False
41.01,3.95,1.8,0.42,16.56,84.7232,False,False,True,False,True,False,False,False,True,True,False,False
19.47,4.68,1.15,0.16,84.35,40.56649999999999,True,False,False,False,True,False,False,True,False,True,False,False
23.67,4.76,1.73,0.38,43.49,62.2353,False,True,False,False,True,False,False,False,True,False,False,True
15.77,2.28,1.86,0.37,61.86,63.0548,False,True,False,False,True,False,False,True,False,True,False,False
37.63,3.63,0.68,0.11,85.34,38.6058,False,True,False,False,True,False,False,False,True,True,False,False
25.63,4.22,1.3,0.26,85.95,59.886,False,False,True,False,True,False,False,False,True,False,True,False
12.38,4.27,0.93,0.23,61.64,29.9606,True,False,False,False,True,False,False,False,True,False,True,False
45.08,3.82,0.57,0.29,110.21,70.29329999999999,True,False,False,False,False,True,True,False,False,True,False,False
19.81,2.5,1.5,0.19,61.26,43.8544,False,False,True,False,True,False,False,True,False,False,True,False
45.42,4.16,0.74,0.47,27.93,50.89789999999999,False,True,False,False,False,True,False,False,True,True,False,False
31.59,2.26,1.72,0.42,40.38,73.5544,False,False,True,False,True,False,True,False,False,True,False,False
6.73,3.39,1.78,0.47,9.87,20.0083,True,False,False,False,True,False,False,True,False,True,False,False
31.76,3.01,0.9,0.1,33.58,34.952,False,False,True,False,True,False,False,True,False,True,False,False
7.82,3.2,0.98,0.27,93.64,36.1464,False,False,False,True,False,True,False,True,False,False,True,False
39.91,3.65,1.33,0.44,42.63,75.4875,False,True,False,False,True,False,False,False,True,True,False,False
31.38,3.86,0.58,0.2,32.85,28.6304,False,False,False,True,True,False,True,False,False,True,False,False
27.14,3.99,0.57,0.49,24.44,31.4354,True,False,False,False,False,True,False,False,True,True,False,False
44.8,4.51,1.58,0.35,94.11,108.2325,False,False,True,False,False,True,False,True,False,True,False,False
39.64,2.65,1.17,0.42,19.92,57.3952,True,False,False,False,True,False,False,False,True,False,True,False
16.27,4.55,0.79,0.17,61.86,28.164300000000004,False,True,False,False,True,False,True,False,False,False,True,False
13.18,2.47,1.5,0.4,84.05,55.86,False,False,True,False,True,False,False,False,True,True,False,False
37.45,4.92,0.5,0.11,77.83,32.2063,True,False,False,False,True,False,False,True,False,True,False,False
2.64,4.53,1.71,0.43,98.23,51.2833,False,False,True,False,True,False,False,False,True,False,False,True
28.92,3.5,0.62,0.11,10.15,22.5469,True,False,False,False,False,True,False,False,True,True,False,False
38.36,4.94,0.79,0.36,39.09,49.3168,False,True,False,False,True,False,False,False,True,True,False,False
43.96,2.29,1.08,0.25,37.22,59.0718,True,False,False,False,True,False,False,True,False,True,False,False
17.76,2.91,1.22,0.34,21.79,32.1634,True,False,False,False,True,False,False,True,False,False,True,False
41.24,3.91,1.03,0.38,38.26,60.92600000000001,True,False,False,False,True,False,True,False,False,True,False,False
25.83,3.05,0.98,0.24,61.86,19.0904,True,False,False,False,True,False,False,False,True,True,False,False
42.48,4.79,1.95,0.14,65.02,96.7288,False,True,False,False,True,False,True,False,False,True,False,False
7.25,2.2,1.46,0.13,81.33,23.3579,True,False,False,False,False,True,False,True,False,True,False,False
20.47,3.65,1.22,0.34,48.83,31.306,False,False,False,True,True,False,False,False,True,False,True,False
25.83,3.77,1.15,0.31,87.74,77.0499,False,True,False,False,True,False,False,False,True,True,False,False
8.35,3.96,1.81,0.4,43.66,36.5375,True,False,False,False,True,False,False,False,True,True,False,False
12.23,2.77,0.95,0.3,38.38,25.9025,True,False,False,False,True,False,False,False,True,True,False,False
36.39,3.09,0.64,0.27,67.24,44.5344,True,False,False,False,True,False,False,True,False,True,False,False
36.28,4.53,1.64,0.29,7.73,66.039,True,False,False,False,True,False,False,True,False,False,True,False
32.42,2.58,1.41,0.11,14.18,49.852,False,True,False,False,True,False,False,True,False,True,False,False
35.0,4.48,1.36,0.23,53.07,64.2861,False,False,True,False,True,False,False,True,False,False,False,True
27.59,3.69,0.58,0.49,113.43,75.27289999999999,False,False,False,True,False,True,False,False,True,True,False,False
13.34,4.29,0.71,0.45,87.97,53.3479,True,False,False,False,False,True,False,True,False,True,False,False
17.94,4.14,1.43,0.29,15.13,33.2741,True,False,False,False,True,False,False,True,False,False,True,False
9.9,2.62,0.81,0.34,102.33,45.4312,True,False,False,False,False,True,False,False,True,True,False,False
45.51,3.71,1.26,0.44,89.21,100.305,False,True,False,False,True,False,False,False,True,False,True,False
29.59,4.6,1.32,0.28,75.26,64.73160000000001,True,False,False,False,False,True,True,False,False,False,False,True
20.64,3.3,0.93,0.11,99.33,33.4215,True,False,False,False,True,False,False,False,True,True,False,False
47.42,3.36,1.22,0.3,30.47,95.9602,True,False,False,False,False,True,True,False,False,False,True,False
8.51,2.43,1.58,0.49,63.88,47.177,False,False,True,False,True,False,False,False,True,True,False,False
29.73,3.17,1.22,0.38,68.12,47.488200000000006,False,True,False,False,False,True,False,True,False,True,False,False
25.79,4.86,0.66,0.13,66.91,30.5797,True,False,False,False,True,False,False,False,True,True,False,False
30.96,2.96,1.24,0.18,69.98,53.9468,True,False,False,False,True,False,True,False,False,True,False,False
1.89,4.6,0.74,0.41,114.1,52.77959999999999,False,False,True,False,True,False,False,True,False,True,False,False
25.83,3.05,0.74,0.35,105.71,74.58429999999998,False,True,False,False,True,False,False,True,False,True,False,False
35.14,4.17,1.05,0.11,113.49,53.550900000000006,False,False,True,False,False,True,False,False,True,True,False,False
46.2,2.93,1.46,0.43,16.33,77.40390000000001,False,False,True,False,True,False,False,False,True,True,False,False
35.65,4.35,0.69,0.42,35.49,43.8543,False,False,False,True,False,True,False,True,False,False,True,False
8.47,3.33,1.15,0.2,61.93,25.4565,False,True,False,False,False,True,True,False,False,True,False,False
29.24,3.46,0.91,0.38,61.86,68.9614,True,False,False,False,False,True,False,False,True,False,True,False
30.73,4.33,1.83,0.19,63.09,72.553,False,False,True,False,False,True,False,False,True,False,True,False
21.78,3.15,0.56,0.12,91.02,26.2692,True,False,False,False,True,False,False,True,False,True,False,False
37.09,3.33,1.87,0.18,61.86,76.46470000000001,False,True,False,False,False,True,False,True,False,True,False,False
46.78,3.13,1.75,0.17,34.03,90.7801,True,False,False,False,False,True,False,False,True,True,False,False
46.35,3.1,0.95,0.24,89.15,68.52850000000001,False,False,True,False,True,False,False,False,True,True,False,False
23.09,3.58,1.68,0.29,23.94,48.835,False,False,True,False,True,False,True,False,False,False,True,False
6.55,4.43,0.55,0.3,45.41,21.6555,False,False,True,False,False,True,False,False,True,False,True,False
49.26,3.09,1.95,0.29,35.46,109.4304,True,False,False,False,True,False,False,True,False,True,False,False
42.11,3.57,1.29,0.21,45.23,67.3902,False,True,False,False,True,False,True,False,False,True,False,False
7.11,4.01,0.95,0.11,86.46,20.2751,False,False,True,False,True,False,False,True,False,False,True,False
25.83,2.81,1.04,0.34,61.86,66.85679999999999,False,False,True,False,True,False,True,False,False,False,False,True
43.62,2.83,0.6,0.26,68.86,46.90559999999999,False,False,True,False,True,False,True,False,False,True,False,False
26.42,4.8,1.98,0.22,16.49,60.7394,False,False,False,True,False,True,False,True,False,True,False,False
29.97,4.17,0.56,0.45,97.58,64.86420000000001,False,False,True,False,True,False,False,False,True,True,False,False
20.55,3.73,1.48,0.4,47.54,53.16,False,True,False,False,True,False,False,True,False,False,False,True
3.68,3.94,1.16,0.44,79.58,43.224,True,False,False,False,True,False,False,False,True,True,False,False
17.42,2.09,1.92,0.3,88.42,62.0624,True,False,False,False,True,False,False,False,True,True,False,False
40.34,3.85,0.87,0.15,29.11,43.31230000000001,False,False,True,False,False,True,False,False,True,True,False,False
1.23,3.53,1.3,0.38,106.74,45.6902,False,False,True,False,True,False,False,True,False,True,False,False
25.83,3.64,1.22,0.18,75.87,38.4514,True,False,False,False,True,False,False,False,True,True,False,False
20.51,3.08,1.55,0.28,54.3,50.07450000000001,False,True,False,False,True,False,False,False,True,False,False,True
27.33,2.24,0.6,0.13,25.97,22.0141,True,False,False,False,True,False,True,False,False,True,False,False
46.07,2.58,0.79,0.43,113.36,87.7201,True,False,False,False,False,True,True,False,False,True,False,False
17.97,4.85,0.82,0.15,91.83,33.3599,False,False,True,False,False,True,False,True,False,True,False,False
18.0,3.23,1.61,0.46,28.92,45.513200000000005,False,False,False,True,True,False,False,True,False,True,False,False
37.14,3.4,0.78,0.45,43.84,52.0972,False,True,False,False,True,False,False,True,False,True,False,False
23.16,2.16,1.36,0.29,98.11,62.1095,False,False,True,False,True,False,True,False,False,True,False,False
25.83,2.11,0.82,0.4,85.0,45.9582,False,False,False,True,True,False,False,True,False,True,False,False
23.17,4.15,1.79,0.35,93.07,78.1988,True,False,False,False,True,False,False,True,False,True,False,False
7.9,3.61,1.91,0.42,55.74,42.1098,True,False,False,False,True,False,False,False,True,True,False,False
9.64,3.53,1.28,0.29,87.39,39.4645,False,True,False,False,True,False,False,False,True,True,False,False
25.42,2.73,1.03,0.41,49.45,49.1871,False,True,False,False,True,False,False,True,False,False,False,True
45.83,2.5,0.57,0.48,61.86,65.9479,False,False,True,False,False,True,False,False,True,True,False,False
18.76,2.57,0.9,0.29,117.24,53.4536,True,False,False,False,True,False,True,False,False,True,False,False
25.83,2.86,1.3,0.41,58.01,68.2181,False,False,True,False,True,False,False,True,False,True,False,False
1.64,2.74,1.92,0.43,82.51,41.3681,True,False,False,False,True,False,False,False,True,False,True,False
33.51,3.94,1.09,0.32,67.27,61.9923,True,False,False,False,False,True,False,True,False,False,True,False
9.72,3.95,1.54,0.17,101.99,36.2571,True,False,False,False,False,True,True,False,False,True,False,False
48.09,4.47,1.23,0.29,92.6,90.4747,True,False,False,False,False,True,True,False,False,True,False,False
8.28,3.25,1.27,0.49,11.7,19.4986,False,False,False,True,True,False,False,False,True,False,False,True
25.83,2.22,0.9,0.4,119.82,69.336,False,False,True,False,True,False,False,True,False,True,False,False
25.83,2.82,1.18,0.42,91.53,47.375,False,False,True,False,False,True,False,False,True,True,False,False
49.85,4.94,1.21,0.11,104.35,76.737,False,False,True,False,True,False,False,False,True,True,False,False
25.61,3.79,1.56,0.29,79.89,66.9097,False,True,False,False,True,False,True,False,False,True,False,False
30.17,4.13,1.91,0.36,103.47,99.0039,True,False,False,False,True,False,False,False,True,True,False,False
4.29,2.02,0.99,0.43,17.92,13.9727,False,False,True,False,True,False,False,False,True,False,True,False
37.75,3.55,0.56,0.12,44.99,30.0888,False,True,False,False,True,False,False,False,True,False,False,True
11.29,2.11,1.22,0.44,105.79,62.6572,False,True,False,False,True,False,False,False,True,True,False,False
45.0,3.71,1.32,0.32,28.19,72.13080000000001,False,True,False,False,False,True,True,False,False,True,False,False
11.05,4.76,0.75,0.18,14.0,15.5675,False,False,False,True,True,False,False,False,True,True,False,False
10.34,4.91,1.64,0.29,95.63,43.8625,False,False,True,False,True,False,False,False,True,True,False,False
2.79,3.62,1.98,0.21,101.08,30.371,False,True,False,False,True,False,False,True,False,True,False,False
24.13,3.37,1.92,0.31,23.71,57.0497,True,False,False,False,True,False,False,True,False,False,False,True
28.68,4.84,1.22,0.12,103.25,40.174,False,True,False,False,True,False,False,False,True,False,True,False
4.22,4.02,1.81,0.16,83.98,25.095,False,True,False,False,True,False,False,True,False,True,False,False
39.0,2.19,1.56,0.43,64.81,90.8983,False,True,False,False,False,True,False,True,False,True,False,False
23.21,3.4,1.18,0.15,100.48,45.85979999999999,True,False,False,False,True,False,False,False,True,True,False,False
26.7,2.72,1.31,0.19,53.21,47.8069,False,False,True,False,False,True,False,False,True,True,False,False
22.6,3.41,1.77,0.28,27.31,51.058800000000005,True,False,False,False,True,False,False,False,True,True,False,False
20.64,3.37,1.22,0.31,37.76,40.2564,False,False,False,True,True,False,False,True,False,True,False,False
28.42,3.75,1.06,0.41,63.09,59.74210000000001,False,False,False,True,True,False,False,False,True,False,False,True
8.61,3.07,1.24,0.28,66.1,32.2544,False,False,True,False,True,False,False,True,False,True,False,False
9.91,2.49,1.22,0.42,97.64,57.075500000000005,False,False,True,False,False,True,False,False,True,True,False,False
43.23,3.51,0.78,0.35,96.01,70.8329,False,False,True,False,True,False,False,True,False,False,True,False
47.36,3.52,1.85,0.15,71.86,102.885,False,True,False,False,True,False,False,True,False,True,False,False
19.29,3.99,1.51,0.16,94.79,48.2843,False,True,False,False,False,True,False,True,False,True,False,False
25.83,4.81,0.65,0.26,10.76,28.7716,True,False,False,False,True,False,False,True,False,True,False,False
21.03,4.74,1.41,0.4,105.47,76.5803,False,True,False,False,True,False,False,True,False,True,False,False
2.24,2.63,0.68,0.33,13.69,8.6709,False,True,False,False,False,True,False,False,True,True,False,False
8.65,2.12,0.62,0.26,33.37,16.1592,True,False,False,False,True,False,False,False,True,False,True,False
36.08,3.52,1.29,0.17,84.96,65.2064,True,False,False,False,True,False,False,True,False,True,False,False
33.29,4.48,1.1,0.19,52.09,50.996100000000006,True,False,False,False,True,False,True,False,False,True,False,False
2.33,3.52,1.38,0.33,105.78,43.0228,False,False,True,False,True,False,False,True,False,False,True,False
11.88,4.67,0.63,0.27,39.27,22.7573,True,False,False,False,True,False,False,False,True,True,False,False
12.32,3.8,1.15,0.31,6.37,19.9427,True,False,False,False,True,False,False,True,False,True,False,False
33.92,3.59,0.76,0.17,39.58,36.09780000000001,False,True,False,False,False,True,False,True,False,True,False,False
1.97,2.08,1.98,0.37,71.48,32.428200000000004,True,False,False,False,True,False,False,False,True,True,False,False
6.1,2.74,1.34,0.29,48.23,32.1352,False,True,False,False,True,False,False,False,True,True,False,False
40.2,3.38,1.53,0.2,66.51,78.18800000000002,False,False,True,False,True,False,True,False,False,True,False,False
9.75,3.89,0.99,0.3,105.81,45.2855,True,False,False,False,False,True,False,False,True,True,False,False
32.98,3.67,0.64,0.49,109.94,78.64779999999999,False,False,True,False,True,False,True,False,False,True,False,False
12.67,3.52,1.96,0.23,35.59,37.2489,False,False,True,False,True,False,False,True,False,False,False,True
5.87,2.84,0.93,0.34,58.15,28.0701,False,True,False,False,False,True,False,True,False,True,False,False
36.39,2.26,1.47,0.34,114.15,94.5643,False,False,True,False,True,False,False,True,False,True,False,False
42.93,3.24,0.54,0.14,119.84,43.19980000000001,True,False,False,False,True,False,False,False,True,True,False,False
20.46,4.08,1.3,0.39,88.6,65.232,False,False,True,False,True,False,False,True,False,True,False,False
33.74,4.97,0.92,0.42,48.47,56.3682,True,False,False,False,True,False,True,False,False,False,True,False
11.04,2.83,0.59,0.38,5.93,11.596999999999998,False,True,False,False,False,True,True,False,False,True,False,False
15.36,3.49,0.74,0.34,6.06,16.9168,True,False,False,False,True,False,False,True,False,True,False,False
44.92,2.99,1.84,0.28,57.97,101.8744,False,False,True,False,True,False,False,True,False,True,False,False
1.64,3.32,1.53,0.44,61.16,32.7396,True,False,False,False,True,False,False,True,False,True,False,False
5.19,4.57,0.87,0.48,7.6,12.7333,False,True,False,False,True,False,False,True,False,False,True,False
11.19,4.05,0.6,0.3,84.0,35.964,True,False,False,False,True,False,False,True,False,True,False,False
2.3,3.52,1.54,0.47,38.81,26.4327,False,False,True,False,False,True,False,False,True,False,False,True
9.89,2.61,1.36,0.33,69.39,38.95910000000001,False,True,False,False,True,False,False,True,False,False,False,True
29.57,4.62,1.11,0.32,39.61,50.117900000000006,True,False,False,False,True,False,False,True,False,True,False,False
21.65,2.18,1.05,0.29,24.22,31.6941,False,True,False,False,True,False,True,False,False,True,False,False
44.74,4.67,0.83,0.18,51.82,51.1318,False,False,True,False,True,False,False,False,True,False,True,False
41.05,2.99,1.5,0.1,31.71,67.736,False,False,False,True,True,False,True,False,False,False,False,True
17.75,3.52,1.96,0.2,66.5,51.03,True,False,False,False,True,False,False,True,False,True,False,False
13.71,3.54,0.76,0.3,27.87,22.3206,True,False,False,False,True,False,False,True,False,True,False,False
19.6,4.82,1.4,0.29,63.47,48.127500000000005,False,False,True,False,True,False,False,False,True,True,False,False
14.14,3.06,1.22,0.49,82.16,59.8622,False,True,False,False,True,False,False,True,False,True,False,False
31.58,4.57,0.88,0.24,91.7,54.3684,False,False,False,True,False,True,False,False,True,False,True,False
21.06,3.19,1.74,0.28,17.7,44.7904,True,False,False,False,False,True,False,False,True,True,False,False
28.05,2.6,1.23,0.15,58.8,45.9215,True,False,False,False,True,False,False,False,True,True,False,False
22.37,3.27,1.32,0.12,13.15,34.376400000000004,False,True,False,False,True,False,False,False,True,True,False,False
15.43,3.16,0.96,0.41,73.79,48.2267,False,True,False,False,False,True,False,False,True,True,False,False
47.47,4.75,1.22,0.33,35.41,52.9872,True,False,False,False,False,True,False,True,False,True,False,False
38.42,4.29,0.63,0.4,65.68,54.76660000000001,True,False,False,False,True,False,False,True,False,True,False,False
7.87,3.52,1.57,0.16,64.51,26.1975,True,False,False,False,True,False,False,True,False,True,False,False
24.88,3.4,1.54,0.2,68.14,55.3432,False,False,True,False,False,True,True,False,False,True,False,False
44.83,2.17,1.09,0.19,72.04,64.7223,True,False,False,False,False,True,False,False,True,False,False,True
40.19,2.79,1.12,0.1,51.19,52.9218,True,False,False,False,True,False,False,False,True,True,False,False
21.84,3.31,1.2,0.15,114.14,46.639,False,True,False,False,True,False,False,True,False,True,False,False
2.1,3.52,1.05,0.22,94.38,25.4386,False,False,True,False,False,True,False,True,False,True,False,False
14.17,4.84,0.65,0.15,37.82,19.7235,True,False,False,False,False,True,False,True,False,False,False,True
27.54,4.3,0.96,0.49,102.08,80.7576,True,False,False,False,False,True,False,True,False,True,False,False
32.04,3.52,1.5,0.22,54.73,62.9006,True,False,False,False,False,True,False,True,False,True,False,False
13.64,3.77,1.5,0.15,100.3,39.275,False,False,True,False,True,False,False,False,True,False,True,False
7.83,4.16,0.93,0.18,99.63,29.3753,True,False,False,False,True,False,False,False,True,True,False,False
41.91,4.82,1.19,0.34,26.72,63.7777,True,False,False,False,True,False,False,False,True,True,False,False
49.24,4.64,0.79,0.13,85.63,54.67150000000001,True,False,False,False,True,False,False,False,True,True,False,False
26.76,3.55,0.82,0.44,38.42,42.398,True,False,False,False,True,False,True,False,False,True,False,False
9.41,4.32,0.53,0.48,39.21,28.1281,True,False,False,False,False,True,False,True,False,True,False,False
14.34,3.69,1.85,0.29,61.86,38.035,False,True,False,False,True,False,False,True,False,False,True,False
1.9,3.66,0.82,0.28,88.44,29.9812,False,False,True,False,False,True,False,True,False,True,False,False
6.77,2.38,0.92,0.36,5.1,10.4444,True,False,False,False,False,True,True,False,False,True,False,False
25.83,3.59,0.69,0.27,87.25,47.33,False,False,True,False,True,False,False,True,False,False,True,False
14.43,2.81,1.46,0.21,24.69,29.0627,False,False,True,False,True,False,True,False,False,True,False,False
28.15,2.06,0.61,0.18,17.02,22.2951,True,False,False,False,True,False,True,False,False,True,False,False
32.92,4.17,0.7,0.36,32.31,38.8456,False,True,False,False,True,False,False,True,False,True,False,False
25.83,2.1,1.47,0.27,48.69,76.48649999999999,False,True,False,False,False,True,False,True,False,False,False,True
11.11,3.79,1.01,0.17,59.73,25.1652,False,True,False,False,False,True,False,False,True,True,False,False
1.54,3.62,1.56,0.38,10.13,9.8718,True,False,False,False,True,False,True,False,False,True,False,False
7.71,4.91,1.22,0.33,116.62,53.726,True,False,False,False,True,False,False,True,False,True,False,False
45.1,3.52,0.88,0.44,87.35,81.572,False,False,True,False,True,False,False,False,True,True,False,False
43.82,2.19,1.48,0.15,42.17,73.3691,True,False,False,False,True,False,False,True,False,True,False,False
30.27,3.66,0.67,0.41,41.65,41.0174,True,False,False,False,False,True,False,False,True,True,False,False
30.43,4.52,1.3,0.37,56.58,65.0136,False,False,True,False,False,True,False,False,True,True,False,False
33.59,4.99,1.16,0.15,77.02,55.5074,False,False,True,False,True,False,False,False,True,True,False,False
9.59,3.29,0.9,0.38,21.83,20.2164,True,False,False,False,False,True,True,False,False,True,False,False
45.81,3.52,1.41,0.28,26.73,75.03649999999999,False,True,False,False,True,False,True,False,False,True,False,False
21.52,4.72,1.81,0.48,103.83,93.5096,False,False,False,True,False,True,True,False,False,False,True,False
19.77,2.57,2.0,0.16,34.47,47.6252,False,False,False,True,True,False,False,True,False,True,False,False
26.43,3.85,1.41,0.36,48.72,58.65549999999999,True,False,False,False,False,True,False,False,True,True,False,False
3.3,3.22,1.11,0.25,105.2,33.183,True,False,False,False,False,True,False,True,False,True,False,False
9.15,2.12,0.84,0.48,81.26,48.8108,True,False,False,False,True,False,False,False,True,False,False,True
37.16,3.04,0.89,0.23,44.3,46.3014,False,True,False,False,False,True,False,False,True,False,False,True
5.06,2.8,1.22,0.48,83.63,49.11559999999999,False,False,True,False,True,False,False,False,True,True,False,False
25.83,4.06,1.05,0.46,7.26,39.4771,True,False,False,False,True,False,False,False,True,True,False,False
13.02,4.85,1.87,0.29,89.6,48.0134,False,True,False,False,True,False,True,False,False,True,False,False
20.08,2.8,1.05,0.42,61.86,49.5082,True,False,False,False,False,True,False,True,False,True,False,False
15.15,4.43,1.06,0.5,98.52,69.749,True,False,False,False,False,True,False,True,False,True,False,False
18.43,2.17,1.08,0.2,114.78,45.03040000000001,True,False,False,False,False,True,False,True,False,True,False,False
36.23,3.61,1.22,0.27,61.86,97.1094,False,False,True,False,False,True,False,True,False,False,True,False
15.56,2.21,1.48,0.29,109.57,59.2055,True,False,False,False,True,False,False,True,False,False,True,False
28.75,4.8,1.42,0.22,63.9,59.68299999999999,True,False,False,False,False,True,True,False,False,False,True,False
24.33,4.3,1.0,0.11,46.42,33.7362,False,False,True,False,True,False,True,False,False,True,False,False
25.83,3.97,1.73,0.19,58.48,73.0708,False,False,True,False,True,False,True,False,False,True,False,False
46.9,4.47,0.56,0.21,84.34,48.44540000000001,False,True,False,False,True,False,True,False,False,True,False,False
36.9,3.94,1.81,0.28,106.66,100.5938,False,False,True,False,False,True,False,True,False,True,False,False
11.53,4.91,1.27,0.17,61.86,24.4491,True,False,False,False,False,True,False,True,False,False,True,False
2.53,4.14,1.1,0.45,110.59,56.688500000000005,False,False,True,False,True,False,False,False,True,True,False,False
13.85,4.77,1.25,0.38,98.75,59.6075,False,False,False,True,True,False,False,False,True,True,False,False
3.52,2.35,1.22,0.36,106.23,42.4232,True,False,False,False,True,False,False,True,False,True,False,False
25.32,3.58,1.81,0.36,37.19,62.7976,False,True,False,False,False,True,False,False,True,False,True,False
30.25,2.38,1.17,0.48,17.18,46.0189,False,True,False,False,False,True,False,False,True,True,False,False
17.38,3.78,1.01,0.1,17.91,23.1248,False,False,True,False,True,False,False,True,False,False,True,False
38.77,3.45,0.71,0.2,38.49,38.6747,False,True,False,False,True,False,False,False,True,True,False,False
6.22,3.87,1.16,0.47,75.63,46.6313,True,False,False,False,False,True,False,False,True,True,False,False
4.68,2.03,1.24,0.47,97.5,53.6582,True,False,False,False,False,True,False,False,True,False,True,False
36.68,2.58,1.11,0.39,108.41,85.5747,False,False,True,False,True,False,False,True,False,True,False,False
25.28,3.47,1.52,0.29,76.73,73.3549,False,False,True,False,False,True,False,False,True,False,False,True
34.73,4.85,1.13,0.14,5.65,44.88589999999999,False,True,False,False,True,False,False,True,False,True,False,False
22.31,3.15,1.94,0.31,26.43,54.6247,True,False,False,False,True,False,False,True,False,True,False,False
13.07,3.27,1.4,0.19,16.47,24.6973,True,False,False,False,False,True,False,False,True,True,False,False
41.14,4.14,1.71,0.17,46.78,82.44200000000001,False,True,False,False,False,True,False,False,True,False,True,False
40.17,3.81,0.66,0.42,62.66,56.6394,False,True,False,False,True,False,False,True,False,True,False,False
14.34,3.23,1.01,0.29,45.07,30.7837,True,False,False,False,True,False,False,False,True,True,False,False
25.83,2.65,1.35,0.29,25.61,55.3348,False,False,True,False,True,False,False,False,True,True,False,False
18.69,4.9,1.79,0.17,79.41,51.8548,False,True,False,False,True,False,False,False,True,True,False,False
5.49,2.39,0.62,0.49,58.39,34.4049,True,False,False,False,False,True,False,False,True,True,False,False
45.95,3.12,0.61,0.29,61.96,62.12950000000001,False,False,False,True,True,False,False,False,True,True,False,False
7.7,2.08,1.78,0.29,54.18,33.1236,False,False,True,False,True,False,False,True,False,False,True,False
47.56,2.67,0.82,0.17,114.94,61.209,False,False,True,False,True,False,False,True,False,True,False,False
22.85,4.34,1.22,0.23,29.69,45.44370000000001,False,False,True,False,False,True,False,False,True,True,False,False
